# Host: localhost  (Version: 5.5.40)
# Date: 2015-08-18 15:22:41
# Generator: MySQL-Front 5.3  (Build 4.120)

/*!40101 SET NAMES utf8 */;

#
# Structure for table "city"
#

DROP TABLE IF EXISTS `city`;
CREATE TABLE `city` (
  `cityId` int(11) NOT NULL AUTO_INCREMENT,
  `name` varchar(50) NOT NULL DEFAULT '',
  `code` varchar(10) DEFAULT NULL,
  `remark` varchar(100) DEFAULT NULL,
  PRIMARY KEY (`cityId`)
) ENGINE=MyISAM DEFAULT CHARSET=utf8;

#
# Data for table "city"
#

/*!40000 ALTER TABLE `city` DISABLE KEYS */;
/*!40000 ALTER TABLE `city` ENABLE KEYS */;

#
# Structure for table "collection"
#

DROP TABLE IF EXISTS `collection`;
CREATE TABLE `collection` (
  `collectionId` int(11) NOT NULL AUTO_INCREMENT,
  `userId` int(11) NOT NULL DEFAULT '0',
  `testLibraryId` int(11) NOT NULL DEFAULT '0',
  `createDate` datetime NOT NULL DEFAULT '0000-00-00 00:00:00',
  `remark` varchar(100) DEFAULT NULL,
  PRIMARY KEY (`collectionId`)
) ENGINE=MyISAM AUTO_INCREMENT=17 DEFAULT CHARSET=utf8;

#
# Data for table "collection"
#

/*!40000 ALTER TABLE `collection` DISABLE KEYS */;
INSERT INTO `collection` VALUES (9,5,3,'2015-08-11 10:31:56',NULL),(12,5,6,'2015-08-11 11:34:26',NULL),(14,5,8,'2015-08-14 11:41:35',NULL),(15,5,4,'2015-08-14 12:19:36',NULL),(16,5,5,'2015-08-14 12:21:29',NULL);
/*!40000 ALTER TABLE `collection` ENABLE KEYS */;

#
# Structure for table "courselibrary"
#

DROP TABLE IF EXISTS `courselibrary`;
CREATE TABLE `courselibrary` (
  `courseLibraryId` int(11) NOT NULL AUTO_INCREMENT,
  `courseName` varchar(100) DEFAULT NULL,
  `tips` varchar(200) DEFAULT NULL,
  `path` varchar(200) DEFAULT NULL,
  `pic` varchar(200) DEFAULT NULL,
  `createDate` datetime NOT NULL DEFAULT '0000-00-00 00:00:00',
  `createUserID` int(11) DEFAULT NULL,
  `remark` varchar(100) DEFAULT NULL,
  PRIMARY KEY (`courseLibraryId`)
) ENGINE=MyISAM DEFAULT CHARSET=utf8;

#
# Data for table "courselibrary"
#

/*!40000 ALTER TABLE `courselibrary` DISABLE KEYS */;
/*!40000 ALTER TABLE `courselibrary` ENABLE KEYS */;

#
# Structure for table "currenttestlibrary"
#

DROP TABLE IF EXISTS `currenttestlibrary`;
CREATE TABLE `currenttestlibrary` (
  `currentTestLibraryId` int(11) NOT NULL AUTO_INCREMENT,
  `userId` int(11) NOT NULL DEFAULT '0',
  `testLibraryId` int(11) NOT NULL DEFAULT '0',
  `testTypeId` int(11) NOT NULL DEFAULT '0',
  `remark` varchar(100) DEFAULT NULL,
  PRIMARY KEY (`currentTestLibraryId`)
) ENGINE=MyISAM AUTO_INCREMENT=12 DEFAULT CHARSET=utf8;

#
# Data for table "currenttestlibrary"
#

/*!40000 ALTER TABLE `currenttestlibrary` DISABLE KEYS */;
INSERT INTO `currenttestlibrary` VALUES (1,1,20,1,NULL),(2,1,52,2,NULL),(3,1,70,3,NULL),(4,1,245,4,NULL),(5,1,9,-1,NULL),(6,5,86,-1,NULL),(7,5,7,1,NULL),(8,5,86,4,NULL),(10,5,65,3,NULL),(11,5,47,2,NULL);
/*!40000 ALTER TABLE `currenttestlibrary` ENABLE KEYS */;

#
# Structure for table "errorquestion"
#

DROP TABLE IF EXISTS `errorquestion`;
CREATE TABLE `errorquestion` (
  `errorQuestionId` int(11) NOT NULL AUTO_INCREMENT,
  `userId` int(11) NOT NULL DEFAULT '0',
  `testLibraryId` int(11) NOT NULL DEFAULT '0',
  `userAnswer` varchar(50) NOT NULL DEFAULT '',
  `createDate` datetime NOT NULL DEFAULT '0000-00-00 00:00:00',
  `remark` varchar(100) DEFAULT NULL,
  PRIMARY KEY (`errorQuestionId`)
) ENGINE=MyISAM AUTO_INCREMENT=44 DEFAULT CHARSET=utf8;

#
# Data for table "errorquestion"
#

/*!40000 ALTER TABLE `errorquestion` DISABLE KEYS */;
INSERT INTO `errorquestion` VALUES (1,1,4,'','2015-07-26 13:56:57',NULL),(2,1,5,'','2015-07-26 13:57:02',NULL),(3,1,6,'','2015-07-26 13:58:13',NULL),(4,1,7,'','2015-07-26 13:58:16',NULL),(5,1,8,'','2015-07-26 14:00:11',NULL),(6,1,10,'','2015-07-26 14:11:30',NULL),(7,1,11,'','2015-07-26 14:11:34',NULL),(8,1,12,'','2015-07-26 14:11:51',NULL),(9,1,13,'','2015-07-26 14:11:55',NULL),(10,1,14,'','2015-07-26 14:11:59',NULL),(11,1,15,'','2015-07-26 14:12:03',NULL),(12,1,16,'','2015-07-26 14:12:54',NULL),(13,1,17,'','2015-07-26 17:21:14',NULL),(14,1,46,'','2015-07-26 15:51:07',NULL),(15,1,47,'','2015-07-26 17:21:33',NULL),(16,1,66,'','2015-07-26 15:54:22',NULL),(17,1,68,'','2015-07-26 15:55:34',NULL),(18,1,69,'','2015-07-26 17:22:00',NULL),(19,1,244,'','2015-07-26 17:13:23',NULL),(20,1,245,'','2015-07-26 17:14:28',NULL),(21,1,18,'','2015-07-26 17:21:17',NULL),(22,1,19,'','2015-07-27 13:29:20',NULL),(23,1,48,'','2015-07-26 17:21:39',NULL),(24,1,50,'','2015-07-27 13:57:05',NULL),(25,1,1,'','2015-07-27 14:03:23',NULL),(26,1,2,'','2015-07-27 14:03:27',NULL),(27,1,3,'','2015-07-27 13:15:40',NULL),(28,1,20,'','2015-07-27 14:00:10',NULL),(29,1,51,'','2015-07-27 13:59:59',NULL),(30,1,9,'','2015-07-27 14:07:29',NULL),(31,1,52,'','2015-07-27 14:07:47',NULL),(32,1,40,'','2015-08-05 15:56:01',NULL),(33,1,543,'','2015-08-05 16:01:52',NULL),(34,1,290,'','2015-08-05 16:08:08',NULL),(35,5,2,'','2015-08-10 19:09:13',NULL),(36,5,1,'','2015-08-11 11:25:00',NULL),(37,5,4,'','2015-08-13 17:06:07',NULL),(38,5,86,'','2015-08-10 17:05:44',NULL),(39,5,3,'','2015-08-13 17:06:04',NULL),(40,5,5,'','2015-08-13 17:06:09',NULL),(41,5,6,'','2015-08-11 12:46:54',NULL),(42,5,7,'','2015-08-11 11:25:07',NULL),(43,5,8,'','2015-08-11 11:25:04',NULL);
/*!40000 ALTER TABLE `errorquestion` ENABLE KEYS */;

#
# Structure for table "examtemplate"
#

DROP TABLE IF EXISTS `examtemplate`;
CREATE TABLE `examtemplate` (
  `examTemplateId` int(11) NOT NULL AUTO_INCREMENT,
  `provinceId` int(11) NOT NULL DEFAULT '0',
  `majorJobId` int(11) NOT NULL DEFAULT '0',
  `name` varchar(50) NOT NULL DEFAULT '',
  `createDate` datetime NOT NULL DEFAULT '0000-00-00 00:00:00',
  `createUserId` int(11) DEFAULT NULL,
  `state` char(1) NOT NULL DEFAULT 'F',
  `pa1` varchar(8) NOT NULL DEFAULT '',
  `pa2` varchar(8) NOT NULL DEFAULT '',
  `pa3` varchar(8) NOT NULL DEFAULT '',
  `pa4` varchar(8) NOT NULL DEFAULT '',
  `pb1` varchar(8) NOT NULL DEFAULT '',
  `pb2` varchar(8) NOT NULL DEFAULT '',
  `pb3` varchar(8) NOT NULL DEFAULT '',
  `pb4` varchar(8) NOT NULL DEFAULT '',
  `remark` varchar(100) DEFAULT NULL,
  PRIMARY KEY (`examTemplateId`)
) ENGINE=MyISAM AUTO_INCREMENT=2 DEFAULT CHARSET=utf8;

#
# Data for table "examtemplate"
#

/*!40000 ALTER TABLE `examtemplate` DISABLE KEYS */;
INSERT INTO `examtemplate` VALUES (1,1,13,'江苏试验员','2015-08-14 18:29:37',5,'T','1|2','1|2','1|3','1|4','1|2','0|','0|','0|',NULL);
/*!40000 ALTER TABLE `examtemplate` ENABLE KEYS */;

#
# Structure for table "examtemplatedetail"
#

DROP TABLE IF EXISTS `examtemplatedetail`;
CREATE TABLE `examtemplatedetail` (
  `examTemplateDetailId` int(11) NOT NULL AUTO_INCREMENT,
  `examTemplateId` int(11) NOT NULL DEFAULT '0',
  `testTypeId` int(11) NOT NULL DEFAULT '0',
  `preTypeId` int(11) NOT NULL DEFAULT '0',
  `testChapterId` int(11) NOT NULL DEFAULT '0',
  `testNumber` int(11) NOT NULL DEFAULT '0',
  `remark` varchar(100) DEFAULT NULL,
  PRIMARY KEY (`examTemplateDetailId`)
) ENGINE=MyISAM AUTO_INCREMENT=33 DEFAULT CHARSET=utf8;

#
# Data for table "examtemplatedetail"
#

/*!40000 ALTER TABLE `examtemplatedetail` DISABLE KEYS */;
INSERT INTO `examtemplatedetail` VALUES (28,1,2,1,258,1,NULL),(29,1,3,1,259,1,NULL),(30,1,4,1,260,1,NULL),(31,1,1,1,261,1,NULL),(32,1,1,2,262,1,NULL);
/*!40000 ALTER TABLE `examtemplatedetail` ENABLE KEYS */;

#
# Structure for table "incomeconsume"
#

DROP TABLE IF EXISTS `incomeconsume`;
CREATE TABLE `incomeconsume` (
  `incomeConsumeId` int(11) NOT NULL AUTO_INCREMENT,
  `userId` int(11) NOT NULL DEFAULT '0',
  `bitcoin` int(11) NOT NULL DEFAULT '0',
  `usageModeId` int(11) NOT NULL DEFAULT '0',
  `createDate` datetime NOT NULL DEFAULT '0000-00-00 00:00:00',
  `type` char(1) NOT NULL DEFAULT '',
  `remark` varchar(100) DEFAULT NULL,
  PRIMARY KEY (`incomeConsumeId`)
) ENGINE=MyISAM AUTO_INCREMENT=9 DEFAULT CHARSET=utf8;

#
# Data for table "incomeconsume"
#

/*!40000 ALTER TABLE `incomeconsume` DISABLE KEYS */;
INSERT INTO `incomeconsume` VALUES (2,4,500,2,'0000-00-00 00:00:00','1',NULL),(3,5,1000,3,'0000-00-00 00:00:00','1',NULL),(4,5,2000,1,'2015-08-11 15:23:48','0',NULL),(5,5,2000,1,'2015-08-11 16:15:38','0',NULL),(6,5,2000,2,'2015-08-17 09:38:13','1',NULL),(7,5,2000,2,'2015-08-17 09:50:39','1',NULL),(8,5,2000,2,'2015-08-17 09:52:20','1',NULL);
/*!40000 ALTER TABLE `incomeconsume` ENABLE KEYS */;

#
# Structure for table "invoice"
#

DROP TABLE IF EXISTS `invoice`;
CREATE TABLE `invoice` (
  `invoiceId` int(11) NOT NULL AUTO_INCREMENT,
  `userId` int(11) NOT NULL DEFAULT '0',
  `money` decimal(8,2) NOT NULL DEFAULT '0.00',
  `description` varchar(50) DEFAULT NULL,
  `address` varchar(60) NOT NULL DEFAULT '',
  `createDate` datetime NOT NULL DEFAULT '0000-00-00 00:00:00',
  `state` char(1) NOT NULL DEFAULT 'A',
  `replyUserId` int(11) DEFAULT NULL,
  `replyContent` varchar(50) DEFAULT NULL,
  `orderNumber` varchar(30) DEFAULT NULL,
  `replyDate` datetime DEFAULT NULL,
  `remark` varchar(100) DEFAULT NULL,
  PRIMARY KEY (`invoiceId`)
) ENGINE=MyISAM AUTO_INCREMENT=6 DEFAULT CHARSET=utf8;

#
# Data for table "invoice"
#

/*!40000 ALTER TABLE `invoice` DISABLE KEYS */;
INSERT INTO `invoice` VALUES (1,1,500.00,'需要开票','南京市','2015-01-04 00:02:23','C',1,NULL,NULL,'2015-08-17 15:19:56',''),(2,4,200.00,'需要开票','南京市','2015-01-01 01:01:01','A',1,NULL,NULL,'2015-08-17 15:17:46',NULL),(3,5,900.00,'这个随便','三江学院龙西路10号','2015-08-17 14:34:23','D',1,NULL,'12','2015-08-17 17:54:35',NULL),(4,5,500.00,'','三江学院龙西路10号','2015-08-17 17:15:29','B',1,NULL,NULL,'2015-08-17 18:23:30',NULL);
/*!40000 ALTER TABLE `invoice` ENABLE KEYS */;

#
# Structure for table "majorjob"
#

DROP TABLE IF EXISTS `majorjob`;
CREATE TABLE `majorjob` (
  `majorJobId` int(11) NOT NULL AUTO_INCREMENT,
  `name` varchar(50) NOT NULL DEFAULT '0',
  `code` char(1) DEFAULT NULL,
  `remark` varchar(100) DEFAULT NULL,
  PRIMARY KEY (`majorJobId`)
) ENGINE=MyISAM AUTO_INCREMENT=14 DEFAULT CHARSET=utf8;

#
# Data for table "majorjob"
#

/*!40000 ALTER TABLE `majorjob` DISABLE KEYS */;
INSERT INTO `majorjob` VALUES (1,'土建施工员','A',NULL),(2,'土建质量员','B',NULL),(3,'设备安装施工员','C',NULL),(4,'设备安装质量员','D',NULL),(5,'城建档案管理员','E',NULL),(6,'劳务员','F',NULL),(7,'机械员','G',NULL),(8,'市政工程施工员','H',NULL),(9,'市政工程质量员','I',NULL),(10,'材料员','J',NULL),(11,'装饰装修施工员','K',NULL),(12,'资料员','L',NULL),(13,'试验员','M',NULL);
/*!40000 ALTER TABLE `majorjob` ENABLE KEYS */;

#
# Structure for table "pay"
#

DROP TABLE IF EXISTS `pay`;
CREATE TABLE `pay` (
  `payId` int(11) NOT NULL AUTO_INCREMENT,
  `userId` int(11) NOT NULL DEFAULT '0',
  `money` decimal(8,2) NOT NULL DEFAULT '0.00',
  `bitcoin` int(11) DEFAULT '0',
  `createDate` datetime NOT NULL DEFAULT '0000-00-00 00:00:00',
  `remark` varchar(100) DEFAULT NULL,
  PRIMARY KEY (`payId`)
) ENGINE=MyISAM AUTO_INCREMENT=7 DEFAULT CHARSET=utf8;

#
# Data for table "pay"
#

/*!40000 ALTER TABLE `pay` DISABLE KEYS */;
INSERT INTO `pay` VALUES (1,1,500.00,500,'0000-00-00 00:00:00',''),(4,4,500.00,500,'0000-00-00 00:00:00',NULL),(5,5,1000.00,1000,'0000-00-00 00:00:00',NULL),(6,6,700.00,700,'0000-00-00 00:00:00',NULL);
/*!40000 ALTER TABLE `pay` ENABLE KEYS */;

#
# Structure for table "practicerecord"
#

DROP TABLE IF EXISTS `practicerecord`;
CREATE TABLE `practicerecord` (
  `practiceRecordId` int(11) NOT NULL AUTO_INCREMENT,
  `userId` int(11) NOT NULL DEFAULT '0',
  `bitcoin` int(11) NOT NULL DEFAULT '0',
  `startDate` datetime NOT NULL DEFAULT '0000-00-00 00:00:00',
  `endDate` datetime NOT NULL DEFAULT '0000-00-00 00:00:00',
  `remark` varchar(100) DEFAULT NULL,
  PRIMARY KEY (`practiceRecordId`)
) ENGINE=MyISAM AUTO_INCREMENT=6 DEFAULT CHARSET=utf8;

#
# Data for table "practicerecord"
#

/*!40000 ALTER TABLE `practicerecord` DISABLE KEYS */;
INSERT INTO `practicerecord` VALUES (5,5,2000,'2015-08-17 09:52:20','2015-08-20 09:52:20',NULL);
/*!40000 ALTER TABLE `practicerecord` ENABLE KEYS */;

#
# Structure for table "pretype"
#

DROP TABLE IF EXISTS `pretype`;
CREATE TABLE `pretype` (
  `preTypeId` int(11) NOT NULL AUTO_INCREMENT,
  `name` varchar(50) NOT NULL DEFAULT '',
  `code` char(1) DEFAULT NULL,
  `remark` varchar(100) DEFAULT NULL,
  PRIMARY KEY (`preTypeId`)
) ENGINE=MyISAM AUTO_INCREMENT=3 DEFAULT CHARSET=utf8;

#
# Data for table "pretype"
#

/*!40000 ALTER TABLE `pretype` DISABLE KEYS */;
INSERT INTO `pretype` VALUES (1,'专业基础','A',NULL),(2,'管理实务','B',NULL);
/*!40000 ALTER TABLE `pretype` ENABLE KEYS */;

#
# Structure for table "province"
#

DROP TABLE IF EXISTS `province`;
CREATE TABLE `province` (
  `provinceId` int(11) NOT NULL AUTO_INCREMENT,
  `name` varchar(50) NOT NULL DEFAULT '',
  `code` varchar(10) DEFAULT NULL,
  `remark` varchar(100) DEFAULT NULL,
  PRIMARY KEY (`provinceId`)
) ENGINE=MyISAM AUTO_INCREMENT=4 DEFAULT CHARSET=utf8;

#
# Data for table "province"
#

/*!40000 ALTER TABLE `province` DISABLE KEYS */;
INSERT INTO `province` VALUES (1,'江苏省',NULL,NULL),(2,'安徽省',NULL,NULL),(3,'上海市',NULL,NULL);
/*!40000 ALTER TABLE `province` ENABLE KEYS */;

#
# Structure for table "scheme"
#

DROP TABLE IF EXISTS `scheme`;
CREATE TABLE `scheme` (
  `schemeId` int(11) NOT NULL AUTO_INCREMENT,
  `name` varchar(50) NOT NULL DEFAULT '',
  `payBitcoin` int(11) DEFAULT NULL,
  `day` int(11) DEFAULT NULL,
  `time` int(11) DEFAULT NULL,
  `payMoney` int(11) DEFAULT NULL,
  `getBitcoin` int(11) DEFAULT NULL,
  `startDate` datetime DEFAULT NULL,
  `endDate` datetime DEFAULT NULL,
  `state` char(1) NOT NULL DEFAULT 'F',
  `usageModeId` int(11) NOT NULL DEFAULT '0',
  `remark` varchar(100) DEFAULT NULL,
  PRIMARY KEY (`schemeId`)
) ENGINE=MyISAM AUTO_INCREMENT=2 DEFAULT CHARSET=utf8;

#
# Data for table "scheme"
#

/*!40000 ALTER TABLE `scheme` DISABLE KEYS */;
INSERT INTO `scheme` VALUES (1,'在线学习方案',2000,3,NULL,NULL,NULL,NULL,NULL,'T',2,NULL);
/*!40000 ALTER TABLE `scheme` ENABLE KEYS */;

#
# Structure for table "service"
#

DROP TABLE IF EXISTS `service`;
CREATE TABLE `service` (
  `serviceId` int(11) NOT NULL AUTO_INCREMENT,
  `userId` int(11) NOT NULL DEFAULT '0',
  `content` varchar(200) NOT NULL DEFAULT '',
  `state` char(1) NOT NULL DEFAULT 'A',
  `reply` varchar(200) DEFAULT NULL,
  `replyUserId` int(11) DEFAULT NULL,
  `createDate` datetime DEFAULT NULL,
  `replyDate` datetime DEFAULT NULL,
  `remark` varchar(100) DEFAULT NULL,
  PRIMARY KEY (`serviceId`)
) ENGINE=MyISAM AUTO_INCREMENT=5 DEFAULT CHARSET=utf8;

#
# Data for table "service"
#

/*!40000 ALTER TABLE `service` DISABLE KEYS */;
INSERT INTO `service` VALUES (1,5,'你好，我想请问。。','A',NULL,NULL,'2015-08-03 14:07:37',NULL,NULL),(2,5,'哦','B','你难道啊',1,'2015-08-03 14:07:47','2015-08-14 13:58:40',NULL),(3,5,'急啊纠结啊就','Z','哦，知道了',1,'2015-08-07 09:07:37','2015-08-07 13:36:45',NULL),(4,5,'我想问个问题，就是那个哪个啥的','A',NULL,NULL,'2015-08-14 14:43:36',NULL,NULL);
/*!40000 ALTER TABLE `service` ENABLE KEYS */;

#
# Structure for table "testchapter"
#

DROP TABLE IF EXISTS `testchapter`;
CREATE TABLE `testchapter` (
  `testChapterId` int(11) NOT NULL AUTO_INCREMENT,
  `name` varchar(50) NOT NULL DEFAULT '',
  `majorJobId` int(11) DEFAULT '0',
  `preTypeId` int(11) DEFAULT '0',
  `code` char(4) DEFAULT '',
  `remark` varchar(100) DEFAULT NULL,
  PRIMARY KEY (`testChapterId`)
) ENGINE=MyISAM AUTO_INCREMENT=266 DEFAULT CHARSET=utf8;

#
# Data for table "testchapter"
#

/*!40000 ALTER TABLE `testchapter` DISABLE KEYS */;
INSERT INTO `testchapter` VALUES (1,'建筑识图',1,1,'C101',NULL),(2,'房屋构造',1,1,'C102',NULL),(3,'建筑测量',1,1,'C103',NULL),(4,'建筑力学',1,1,'C104',NULL),(5,'建筑结构',1,1,'C105',NULL),(6,'建筑材料',1,1,'C106',NULL),(7,'建筑工程造价',1,1,'C107',NULL),(8,'法律法规',1,1,'C108',NULL),(9,'职业道德',1,1,'C109',NULL),(10,'土方工程',1,2,'C201',NULL),(11,'地基、桩基',1,2,'C202',NULL),(12,'砌筑工程',1,2,'C203',NULL),(13,'钢筋混凝土',1,2,'C204',NULL),(14,'预应力混凝土',1,2,'C205',NULL),(15,'结构安装',1,2,'C206',NULL),(16,'防水工程',1,2,'C207',NULL),(17,'钢结构',1,2,'C208',NULL),(18,'建筑节能',1,2,'C209',NULL),(19,'深基坑施工',1,2,'C210',NULL),(20,'大体积混凝土施工',1,2,'C211',NULL),(21,'高层建筑垂直运输',1,2,'C212',NULL),(22,'高层外用脚手架',1,2,'C213',NULL),(23,'主体工程施工',1,2,'C214',NULL),(24,'施工项目管理概论',1,2,'C215',NULL),(25,'施工项目质量管理',1,2,'C216',NULL),(26,'施工项目进度管理',1,2,'C217',NULL),(27,'施工项目成本管理',1,2,'C218',NULL),(28,'施工项目安全概论',1,2,'C219',NULL),(29,'施工项目信息管理',1,2,'C220',NULL),(30,'制图基本',2,1,'C101',NULL),(31,'房屋构造',2,1,'C102',NULL),(32,'建筑测量',2,1,'C103',NULL),(33,'建筑力学',2,1,'C104',NULL),(34,'建筑材料',2,1,'C105',NULL),(35,'建筑结构',2,1,'C106',NULL),(36,'施工项目管理',2,1,'C107',NULL),(37,'建筑施工技术',2,1,'C108',NULL),(38,'法律法规',2,1,'C109',NULL),(39,'职业道德',2,1,'C110',NULL),(40,'建筑工程质量管理',2,2,'C201',NULL),(41,'建筑工程质量验收标准',2,2,'C202',NULL),(42,'优质工程质量评价',2,2,'C203',NULL),(43,'住宅工程质量通病控制',2,2,'C204',NULL),(44,'住宅工程质量分户验收',2,2,'C205',NULL),(45,'地基于基础工程',2,2,'C206',NULL),(46,'地下防水工程',2,2,'C207',NULL),(47,'混凝土结构工程',2,2,'C208',NULL),(48,'砌体工程',2,2,'C209',NULL),(49,'钢结构工程',2,2,'C210',NULL),(50,'木结构工程',2,2,'C211',NULL),(51,'建筑装饰装修工程',2,2,'C212',NULL),(52,'建筑地面工程',2,2,'C213',NULL),(53,'屋面工程',2,2,'C214',NULL),(54,'民用建筑节能工程（土建）',2,2,'C215',NULL),(55,'安装工程识图',3,1,'C101',NULL),(56,'安装工程测量',3,1,'C102',NULL),(57,'安装工程材料',3,1,'C103',NULL),(58,'安装工程常用设备',3,1,'C104',NULL),(59,'工程力学与传动系统',3,1,'C105',NULL),(60,'起重与焊接',3,1,'C106',NULL),(61,'流体力学和热工交换',3,1,'C107',NULL),(62,'电路与自动控制',3,1,'C108',NULL),(63,'安装工程造价基础',3,1,'C109',NULL),(64,'安装工程专业施工预算',3,1,'C110',NULL),(65,'法律法规',3,1,'C111',NULL),(66,'职业健康环境',3,1,'C112',NULL),(67,'职业道德',3,1,'C113',NULL),(68,'设备安装工程',3,2,'C201',NULL),(69,'管道及消防安装工程',3,2,'C202',NULL),(70,'通风与空调安装工程',3,2,'C203',NULL),(71,'建筑电气工程安装',3,2,'C204',NULL),(72,'自动化仪表安装工程',3,2,'C205',NULL),(73,'建筑智能化安装工程',3,2,'C206',NULL),(74,'电梯安装工程',3,2,'C207',NULL),(75,'防腐绝热工程',3,2,'C208',NULL),(76,'施工项目管理概论',3,2,'C209',NULL),(77,'施工项目质量管理',3,2,'C210',NULL),(78,'施工项目进度管理',3,2,'C211',NULL),(79,'施工项目成本管理',3,2,'C212',NULL),(80,'施工项目安全概论',3,2,'C213',NULL),(81,'施工项目信息管理',3,2,'C214',NULL),(82,'工程识图',4,1,'C101',NULL),(83,'房屋构造和结构体系',4,1,'C102',NULL),(84,'设备安装工程测量',4,1,'C103',NULL),(85,'工程力学',4,1,'C104',NULL),(86,'电工学基础',4,1,'C105',NULL),(87,'设备安装工程材料',4,1,'C106',NULL),(88,'建筑给排水施工',4,1,'C107',NULL),(89,'建筑电气安装工程',4,1,'C108',NULL),(90,'通风与空调工程施工',4,1,'C109',NULL),(91,'智能建筑工程施工',4,1,'C110',NULL),(92,'电梯安装工程',4,1,'C111',NULL),(93,'设备安装项目进度',4,1,'C112',NULL),(94,'设备安装质量管理',4,1,'C113',NULL),(95,'设备安装安全管理',4,1,'C114',NULL),(96,'信息化技术管理',4,1,'C115',NULL),(97,'工程建设相关法律',4,1,'C116',NULL),(98,'职业道德',4,1,'C117',NULL),(99,'建筑工程质量管理',4,2,'C201',NULL),(100,'建筑工程质量验收标准',4,2,'C202',NULL),(101,'优质工程质量评价',4,2,'C203',NULL),(102,'住宅工程质量通病控制',4,2,'C204',NULL),(103,'住宅工程质量分户验收',4,2,'C205',NULL),(104,'建筑给排水及供暖工程',4,2,'C206',NULL),(105,'自动喷水灭火系统',4,2,'C207',NULL),(106,'建筑电气工程',4,2,'C208',NULL),(107,'建筑防雷工程',4,2,'C209',NULL),(108,'通风与空调工程',4,2,'C210',NULL),(109,'电梯工程',4,2,'C211',NULL),(110,'智能建筑工程',4,2,'C212',NULL),(111,'民用建筑节能工程',4,2,'C213',NULL),(112,'城建档案概述',5,1,'C101',NULL),(113,'城建档案工作',5,1,'C102',NULL),(114,'城建档案法制',5,1,'C103',NULL),(115,'城建档案管理',5,1,'C104',NULL),(116,'城建档案编研',5,1,'C105',NULL),(117,'城建声像档案',5,1,'C106',NULL),(118,'城建电子文件与电子档案',5,1,'C107',NULL),(119,'识图基础',5,1,'C108',NULL),(120,'识读建筑施工图',5,1,'C109',NULL),(121,'识读结构施工图',5,1,'C110',NULL),(122,'识读设备施工图',5,1,'C111',NULL),(123,'识读市政工程图',5,1,'C112',NULL),(124,'编制竣工图',5,1,'C113',NULL),(125,'城建档案概述',5,2,'C201',NULL),(126,'工程准备阶段文件',5,2,'C202',NULL),(127,'工程实施阶段文件',5,2,'C203',NULL),(128,'工程竣工验收文件',5,2,'C204',NULL),(129,'工程文件质量',5,2,'C205',NULL),(130,'工程文件积累与收集',5,2,'C206',NULL),(131,'工程文件的立卷',5,2,'C207',NULL),(132,'工程文件的归档',5,2,'C208',NULL),(133,'工程档案的验收与移交',5,2,'C209',NULL),(134,'建筑材料',6,1,'C101',NULL),(135,'建筑施工图识图',6,1,'C102',NULL),(136,'建筑施工技术',6,1,'C103',NULL),(137,'施工项目管理',6,1,'C104',NULL),(138,'劳务相关法律法规',6,1,'C105',NULL),(139,'职业道德',6,1,'C106',NULL),(140,'建筑劳务概论',6,2,'C201',NULL),(141,'建筑劳务资质',6,2,'C202',NULL),(142,'建筑劳务人力资源',6,2,'C203',NULL),(143,'建筑劳务计划',6,2,'C204',NULL),(144,'建筑劳务采购',6,2,'C205',NULL),(145,'建筑劳务分包管理',6,2,'C206',NULL),(146,'建筑劳务人员权益保护',6,2,'C207',NULL),(147,'建筑劳务统计与劳务资料管理',6,2,'C208',NULL),(148,'国际工程劳务管理',6,2,'C209',NULL),(149,'机械制图识图基础',7,1,'C101',NULL),(150,'机械基础',7,1,'C102',NULL),(151,'常用和新型建筑机械应用',7,1,'C103',NULL),(152,'工程管理基础知识',7,1,'C104',NULL),(153,'建筑施工机械管理相关法律知识',7,1,'C105',NULL),(154,'施工企业机械设备管理',7,2,'C201',NULL),(155,'建筑起重机械的安装、检验、评估与使用',7,2,'C202',NULL),(156,'建筑机械管理',7,2,'C203',NULL),(157,'建筑机械安全用电',7,2,'C204',NULL),(158,'建筑机械安全事故预防与处理',7,2,'C205',NULL),(159,'建筑机械管理人员素质培养',7,2,'C206',NULL),(160,'建筑识图',8,1,'C101',NULL),(161,'市政工程测量',8,1,'C102',NULL),(162,'力学基础',8,1,'C103',NULL),(163,'建筑材料',8,1,'C104',NULL),(164,'建筑结构',8,1,'C105',NULL),(165,'市政工程造价',8,1,'C106',NULL),(166,'计算机基础',8,1,'C107',NULL),(167,'法律法规',8,1,'C108',NULL),(168,'职业道德',8,1,'C109',NULL),(169,'城市道路',8,2,'C201',NULL),(170,'城市桥梁',8,2,'C202',NULL),(171,'城市轨道与隧道',8,2,'C203',NULL),(172,'城市管道与构筑物',8,2,'C204',NULL),(173,'施工组织设计',8,2,'C205',NULL),(174,'施工项目管理概论',8,2,'C206',NULL),(175,'施工项目质量管理',8,2,'C207',NULL),(176,'施工项目进度管理',8,2,'C208',NULL),(177,'施工项目成本管理',8,2,'C209',NULL),(178,'施工项目安全概论',8,2,'C210',NULL),(179,'市政工程识图',9,1,'C101',NULL),(180,'市政工程测量',9,1,'C102',NULL),(181,'力学基础',9,1,'C103',NULL),(182,'建筑材料',9,1,'C104',NULL),(183,'桥梁结构',9,1,'C105',NULL),(184,'市政公用项目管理',9,1,'C106',NULL),(185,'城市道路施工技术',9,1,'C107',NULL),(186,'城市桥梁施工技术',9,1,'C108',NULL),(187,'城市管道施工技术',9,1,'C109',NULL),(188,'隧道工程施工技术',9,1,'C110',NULL),(189,'建设工程法律基础',9,1,'C111',NULL),(190,'职业道德职业标准',9,1,'C112',NULL),(191,'城市道路工程施工',9,2,'C201',NULL),(192,'城市桥梁工程施工',9,2,'C202',NULL),(193,'城市管道工程施工',9,2,'C203',NULL),(194,'城市轨道与隧道',9,2,'C204',NULL),(195,'道路工程质量验收',9,2,'C205',NULL),(196,'桥梁工程质量验收',9,2,'C206',NULL),(197,'管道工程质量验收',9,2,'C207',NULL),(198,'轨道隧道质量验收',9,2,'C208',NULL),(199,'施工图识图基本知识',10,1,'C101',NULL),(200,'工程材料基本知识',10,1,'C102',NULL),(201,'建筑力学基本知识',10,1,'C103',NULL),(202,'工程施工工艺和方法',10,1,'C104',NULL),(203,'工程项目管理基本知识',10,1,'C105',NULL),(204,'标准计量知识',10,1,'C106',NULL),(205,'工程建设相关法律法规',10,1,'C107',NULL),(206,'材料员岗位标准和管理规定',10,2,'C201',NULL),(207,'物资管理',10,2,'C202',NULL),(208,'材料市场调查',10,2,'C203',NULL),(209,'材料计划管理',10,2,'C204',NULL),(210,'材料采购管理',10,2,'C205',NULL),(211,'材料供应及运输管理',10,2,'C206',NULL),(212,'材料检测与统计分析',10,2,'C207',NULL),(213,'材料储备与仓库管理',10,2,'C208',NULL),(214,'施工现场材料与工具管理',10,2,'C209',NULL),(215,'材料经济结算与成本核算',10,2,'C210',NULL),(216,'工程识图',11,1,'C101',NULL),(217,'装饰构造与防火',11,1,'C102',NULL),(218,'装饰施工测量放线',11,1,'C103',NULL),(219,'装饰材料与机具',11,1,'C104',NULL),(220,'装饰工程计价定额',11,1,'C105',NULL),(221,'建筑工程法律基础',11,1,'C106',NULL),(222,'计算机知识',11,1,'C107',NULL),(223,'岗位职责职业道德',11,1,'C108',NULL),(224,'吊顶工程',11,2,'C201',NULL),(225,'轻质隔墙工程',11,2,'C202',NULL),(226,'抹灰工程',11,2,'C203',NULL),(227,'墙柱饰面工程',11,2,'C204',NULL),(228,'裱糊、软硬包及涂饰工程',11,2,'C205',NULL),(229,'楼地面工程',11,2,'C206',NULL),(230,'细部工程',11,2,'C207',NULL),(231,'防水工程',11,2,'C208',NULL),(232,'幕墙工程',11,2,'C209',NULL),(233,'门窗工程',11,2,'C210',NULL),(234,'建筑安装工程',11,2,'C211',NULL),(235,'软装配饰工程',11,2,'C212',NULL),(236,'施工项目管理概论',11,2,'C213',NULL),(237,'施工项目质量管理',11,2,'C214',NULL),(238,'施工项目进度管理',11,2,'C215',NULL),(239,'施工项目成本管理',11,2,'C216',NULL),(240,'施工项目安全管理职业健康',11,2,'C217',NULL),(241,'建筑识图',12,1,'C101',NULL),(242,'建筑工程材料',12,1,'C102',NULL),(243,'工程构造',12,1,'C103',NULL),(244,'施工技术',12,1,'C104',NULL),(245,'建筑工程定额与预算',12,1,'C105',NULL),(246,'施工项目管理',12,1,'C106',NULL),(247,'公文写作与处理',12,1,'C107',NULL),(248,'职业道德',12,1,'C108',NULL),(249,'施工文件档案资料概念',12,2,'C201',NULL),(250,'建设单位工程文件档案资料',12,2,'C202',NULL),(251,'监理工程文件档案资料',12,2,'C203',NULL),(252,'房屋建筑工程施工文件档案资料',12,2,'C204',NULL),(253,'市政基础设施施工文件档案资料',12,2,'C205',NULL),(254,'施工文件档案资料管理',12,2,'C206',NULL),(255,'计算机与资料管理软件',12,2,'C207',NULL),(256,'法律与法规',12,2,'C208',NULL),(257,'标准与规范',12,2,'C209',NULL),(258,'水泥',13,1,'C101',NULL),(259,'混凝土',13,1,'C102',NULL),(260,'钢筋',13,1,'C103',NULL),(261,'职业道德',13,1,'C104',NULL),(262,'水泥',13,2,'C201',NULL),(263,'混凝土',13,2,'C202',NULL),(264,'钢筋',13,2,'C203',NULL),(265,'实验管理',13,2,'C204',NULL);
/*!40000 ALTER TABLE `testchapter` ENABLE KEYS */;

#
# Structure for table "testlibrary"
#

DROP TABLE IF EXISTS `testlibrary`;
CREATE TABLE `testlibrary` (
  `testLibraryId` int(11) NOT NULL AUTO_INCREMENT,
  `provinceId` int(11) DEFAULT NULL,
  `testTypeId` int(11) NOT NULL DEFAULT '0',
  `majorJobId` int(11) NOT NULL DEFAULT '0',
  `preTypeId` int(11) NOT NULL DEFAULT '0',
  `testChapterId` int(11) NOT NULL DEFAULT '0',
  `problem` varchar(400) DEFAULT NULL,
  `question` varchar(400) NOT NULL DEFAULT '',
  `options` varchar(800) DEFAULT NULL,
  `answer` varchar(50) DEFAULT NULL,
  `analysis` varchar(200) DEFAULT NULL,
  `pictureSmall` varchar(200) DEFAULT NULL,
  `pictureBig` varchar(200) DEFAULT NULL,
  `score` varchar(20) DEFAULT NULL,
  `status` char(2) NOT NULL DEFAULT 'OP',
  `orderNo` int(11) DEFAULT '0',
  `createDate` datetime NOT NULL DEFAULT '0000-00-00 00:00:00',
  `createUserId` int(11) DEFAULT NULL,
  `remark` varchar(100) DEFAULT NULL,
  PRIMARY KEY (`testLibraryId`)
) ENGINE=MyISAM AUTO_INCREMENT=692 DEFAULT CHARSET=utf8;

#
# Data for table "testlibrary"
#

/*!40000 ALTER TABLE `testlibrary` DISABLE KEYS */;
INSERT INTO `testlibrary` VALUES (1,1,1,13,1,258,NULL,'建筑石膏凝结硬化时，最主要的特点是（）','A.体积膨胀大|B.体积收缩大|C.放出大量的热|D.凝结硬化快','D',NULL,NULL,NULL,NULL,'',1,'0000-00-00 00:00:00',NULL,NULL),(2,1,1,13,1,258,NULL,'由于石灰浆体硬化时（），以及硬化强度低等缺点，所以不宜单独使用','A.吸水性大|B.需水量大|C.体积收缩大|D.体积膨胀大','C',NULL,NULL,NULL,NULL,'',2,'0000-00-00 00:00:00',NULL,NULL),(3,1,1,13,1,258,NULL,'在下列胶凝材料中，（）在硬化过程中提及有微膨胀性，使此材料可单独使用。','A.石灰|B.石膏|C.水泥|D.水玻璃','B',NULL,NULL,NULL,NULL,'',3,'0000-00-00 00:00:00',NULL,NULL),(4,1,1,13,1,258,NULL,'石灰在消解（熟化）过程中（）。','A.体积明显缩小|B.放出大量热量|C.体积不变|D.与Ca(OH)2形成CaCO3','B',NULL,NULL,NULL,NULL,'',4,'0000-00-00 00:00:00',NULL,NULL),(5,1,1,13,1,258,NULL,'石膏制品具有较好的（）。','A.耐水性|B.抗冻性|C.加工性|D.导热性','C',NULL,NULL,NULL,NULL,'',5,'0000-00-00 00:00:00',NULL,NULL),(6,1,1,13,1,258,NULL,'下列哪一组材料全部属于水硬性胶凝材料？（）','A.石灰|B.水泥|C.建筑石膏|D.沥青','B',NULL,NULL,NULL,NULL,'',6,'0000-00-00 00:00:00',NULL,NULL),(7,1,1,13,1,258,NULL,'粒化高炉矿渣掺加量大于20%且小于等于50%的矿渣硅酸盐水泥的代号为（）。','A.P·P|B.P·S·A|C.P·S|D.P·S·B','B',NULL,NULL,NULL,NULL,'',7,'0000-00-00 00:00:00',NULL,NULL),(8,1,1,13,1,258,NULL,'普通硅酸盐水泥的代号为（）。','A.P·P|B.P·O|C.P·S|D.P·C','B',NULL,NULL,NULL,NULL,'',8,'0000-00-00 00:00:00',NULL,NULL),(9,1,1,13,1,258,NULL,'粉煤灰硅酸盐水泥的代号为（）。','A.P·P|B.P·F|C.P·S|D.P·C','B',NULL,NULL,NULL,NULL,'',9,'0000-00-00 00:00:00',NULL,NULL),(10,1,1,13,1,258,NULL,'下列不属于通用硅酸盐水泥的有（）。','A.普通硅酸盐水泥|B.粉煤灰硅酸盐水泥|C.火山灰质硅酸盐水泥|D.膨胀水泥','D',NULL,NULL,NULL,NULL,'',10,'0000-00-00 00:00:00',NULL,NULL),(11,1,1,13,1,258,NULL,'下列强度等级水泥中，属于早强型水泥的有（）。','A.32.5|B.42.5|C.52.5|D.52.5R','D',NULL,NULL,NULL,NULL,'',11,'0000-00-00 00:00:00',NULL,NULL),(12,1,1,13,1,258,NULL,'粒化高炉矿渣掺加量大于50%且小于等于70%的矿渣硅酸盐水泥的代号为（）。','A.P·P|B.P·S·A|C.P·S|D.P·S·B','D',NULL,NULL,NULL,NULL,'',12,'0000-00-00 00:00:00',NULL,NULL),(13,1,1,13,1,258,NULL,'火山灰质硅酸盐水泥的代号为（）。','A.P·P|B.P·F|C.P·S|D.P·C','A',NULL,NULL,NULL,NULL,'',13,'0000-00-00 00:00:00',NULL,NULL),(14,1,1,13,1,258,NULL,'复合硅酸盐水泥的代号为（）。','A.P·P|B.P·F|C.P·S|D.P·C','D',NULL,NULL,NULL,NULL,'',14,'0000-00-00 00:00:00',NULL,NULL),(15,1,1,13,1,258,NULL,'有抗渗要求的混凝土工程，应优先选择（）水泥。','A.硅酸盐|B.矿渣|C.火山灰|D.粉煤灰','C',NULL,NULL,NULL,NULL,'',15,'0000-00-00 00:00:00',NULL,NULL),(16,1,1,13,1,258,NULL,'通用水泥的储存期不宜过长，一般不超过（）。','A.一年|B.六个月|C.一个月|D.三个月','D',NULL,NULL,NULL,NULL,'',16,'0000-00-00 00:00:00',NULL,NULL),(17,1,1,13,1,258,NULL,'有抗冻要求的混凝土工程，在下列水泥中应优先选择（）硅酸盐水泥。','A.矿渣|B.火山灰|C.粉煤灰|D.普通','D',NULL,NULL,NULL,NULL,'',17,'0000-00-00 00:00:00',NULL,NULL),(18,1,1,13,1,258,NULL,'水泥熟料中，（）与水发生反应的速度最快。','A.硅酸二钙|B.硅酸三钙|C.铝酸三钙|D.铁铝酸四改','C',NULL,NULL,NULL,NULL,'',18,'0000-00-00 00:00:00',NULL,NULL),(19,1,1,13,1,258,NULL,'生料石灰饱和系数高，会使（）。','A.料难烧|B.料好烧|C.熟料游离氧化钙低|D.窑内结圈','A',NULL,NULL,NULL,NULL,'',19,'0000-00-00 00:00:00',NULL,NULL),(20,1,1,13,1,258,NULL,'硅酸盐水泥生料煅烧到1300~1450℃时，会和CaO产生化学反应的矿物是（）。','A.C3S|B.C2S|C.C3A|D.C4AF','B',NULL,NULL,NULL,NULL,'',20,'0000-00-00 00:00:00',NULL,NULL),(21,1,1,13,1,258,NULL,'硅酸盐水泥熟料中矿物水化反应后对水泥早期强度影响最大的是（）。','A.C3S|B.C2S|C.C3A|D.C4AF','A',NULL,NULL,NULL,NULL,'',21,'0000-00-00 00:00:00',NULL,NULL),(22,1,1,13,1,258,NULL,'在完全水化的硅酸盐水泥中，（）是主要水化产物，约占70%。','A.水化硅酸钙凝胶|B.氢氧化钙晶体|C.水化铝酸钙晶体|D.水化铁酸钙凝胶','A',NULL,NULL,NULL,NULL,'',22,'0000-00-00 00:00:00',NULL,NULL),(23,1,1,13,1,258,NULL,'硅酸盐水泥由于长期在含较低浓度硅酸盐水的作用下，引起水泥石开裂，是由于形成了（）。','A.二水硫酸钙|B.钙矾石|C.硫酸钠|D.硫酸镁','B',NULL,NULL,NULL,NULL,'',23,'0000-00-00 00:00:00',NULL,NULL),(24,1,1,13,1,258,NULL,'在下列水泥中，哪一种水泥的水化热量高？（）','A.硅酸盐水泥|B.粉煤灰水泥|C.火山泥水泥|D.矿渣水泥','A',NULL,NULL,NULL,NULL,'',24,'0000-00-00 00:00:00',NULL,NULL),(25,1,1,13,1,258,NULL,'水泥凝结时间的影响因素很多，以下哪种说法是错误的？（）','A.熟料中铝酸三钙含量高，石膏掺料不足使水泥快凝|B.水泥的细度越细，水化作用越快|C.水灰比越小，凝结时温度越高，凝结越慢|D.混合材料掺量大，水泥过粗等都使水泥凝结缓慢','C',NULL,NULL,NULL,NULL,'',25,'0000-00-00 00:00:00',NULL,NULL),(26,1,1,13,1,258,NULL,'在硅酸盐水泥中掺入适量的石膏，其目的是对水泥起（）作用。','A.促凝|B.缓凝|C.提高产量|D.都不是','B',NULL,NULL,NULL,NULL,'',26,'0000-00-00 00:00:00',NULL,NULL),(27,1,1,13,1,258,NULL,'对硅酸盐水泥强度贡献最大的矿物是（）。','A.C3A|B.C3S|C.C4AF|D.C2S','B',NULL,NULL,NULL,NULL,'',27,'0000-00-00 00:00:00',NULL,NULL),(28,1,1,13,1,258,NULL,'水泥熟料四种矿物中提高（）含量，可制得高强水泥。','A.C3A|B.C3S|C.C4AF|D.C2S','B',NULL,NULL,NULL,NULL,'',28,'0000-00-00 00:00:00',NULL,NULL),(29,1,1,13,1,258,NULL,'在水泥的水化过程中，无水熟料矿物转变为水化物，固相体积（）。','A.不变|B.逐渐减小|C.逐渐增加|D.先增加，后减小','C',NULL,NULL,NULL,NULL,'',29,'0000-00-00 00:00:00',NULL,NULL),(30,1,1,13,1,258,NULL,'在水泥的水化过程中，无水的熟料矿物转化为水化产物，水泥-水体积的总体积不断缩小，这种体积变化称为：（）。','A.碳化收缩|B.湿胀干缩|C.化学减缩D.干燥收缩','D',NULL,NULL,NULL,NULL,'',30,'0000-00-00 00:00:00',NULL,NULL),(31,1,1,13,1,258,NULL,'水泥终凝是指（）。','A.失去可塑性的时间点|B.水泥与水完全反应的时间点|C.达到规定强度的时间点|D.完全失去塑性并开始产生强度的时间点','D',NULL,NULL,NULL,NULL,'',31,'0000-00-00 00:00:00',NULL,NULL),(32,1,1,13,1,258,NULL,'水泥强度等级是按规定龄期的（）划分。','A.抗压强度|B.抗折强度|C.抗压与抗折强度|D.抗弯强度','C',NULL,NULL,NULL,NULL,'',32,'0000-00-00 00:00:00',NULL,NULL),(33,1,1,13,1,258,NULL,'以下哪个是不属于硅酸盐水泥的强度等级（）。','A.32.5R|B.42.5|C.52.5|D.62.5','A',NULL,NULL,NULL,NULL,'',33,'0000-00-00 00:00:00',NULL,NULL),(34,1,1,13,1,258,NULL,'以下哪项不是水泥细度减小可能带来的后果（）。','A.能耗大|B.水泥活性增大|C.粉磨时间减小|D.以上均不是','C',NULL,NULL,NULL,NULL,'',34,'0000-00-00 00:00:00',NULL,NULL),(35,1,1,13,1,258,NULL,'以下哪种物相增多会导致标准稠度蓄水量增多（）。','A.二水石膏|B.C3A|C.C3S|D.石粉','B',NULL,NULL,NULL,NULL,'',35,'0000-00-00 00:00:00',NULL,NULL),(36,1,1,13,1,258,NULL,'下列矿物相放热量速率顺序正确的是（）。','A.C3A>C3S>C2S|B.C3A>C2S>C3S|C.C2S>C3S>C3A|D.C3S>C3A>C2S','A',NULL,NULL,NULL,NULL,'',36,'0000-00-00 00:00:00',NULL,NULL),(37,1,1,13,1,258,NULL,'硅酸盐水泥的密度，松散堆积密度，紧密堆积密度可能的数值是（）。','A.2.5g/cm3,900kg/m3,1500kg/m3|B.2.2g/cm3,1000kg/m3,2100kg/m3|C.4.2g/cm3,1200kg/m3,1700kg/m3|D.3.1g/cm3,900kg/m3,1500kg/m3','D',NULL,NULL,NULL,NULL,'',37,'0000-00-00 00:00:00',NULL,NULL),(38,1,1,13,1,258,NULL,'向水泥中加入以下哪种物质可能有效延缓水泥凝结（）。','A.更多的水泥|B.减水剂|C.膨胀剂|D.缓凝剂','D',NULL,NULL,NULL,NULL,'',38,'0000-00-00 00:00:00',NULL,NULL),(39,1,1,13,1,258,NULL,'水泥强度等级相同时，水灰比（），水泥石强度越高；水泥强度等级（），配制的混凝土强度也越高。','A.越大，越高|B.越小，越高|C.越大，越低|D.越小，越低','B',NULL,NULL,NULL,NULL,'',39,'0000-00-00 00:00:00',NULL,NULL),(40,1,1,13,1,258,NULL,'在规定的试验条件下，水泥浆在玻璃平面上自由流淌的直径是指（）。','A.水泥净浆流动度|B.水泥砂浆工作性|C.减水率|D.坍落度','A',NULL,NULL,NULL,NULL,'',40,'0000-00-00 00:00:00',NULL,NULL),(41,1,1,13,1,258,NULL,'水泥强度发展遵循以下规律（）。','A.不断增高|B.先增高后减小|C.先增高后平缓增加|D.以上都不是','C',NULL,NULL,NULL,NULL,'',41,'0000-00-00 00:00:00',NULL,NULL),(42,1,1,13,1,258,NULL,'不属于水泥的体积安全性检测的物质是','A.硅酸钙|B.游离氧化钙|C.游离氧化镁|D.石膏','A',NULL,NULL,NULL,NULL,'',42,'0000-00-00 00:00:00',NULL,NULL),(43,1,1,13,1,258,NULL,'沸煮法只适用于检验（）对体积安定性的影响。','A.游离氧化镁|B.石膏|C.游离氧化钙|D.三氧化硫','C',NULL,NULL,NULL,NULL,'',43,'0000-00-00 00:00:00',NULL,NULL),(44,1,1,13,1,258,NULL,'下列属于通用硅酸盐水泥的有（）。','A.油井水泥|B.高强水泥|C.火山灰质硅酸盐水泥|D.膨胀水泥','C',NULL,NULL,NULL,NULL,'',44,'0000-00-00 00:00:00',NULL,NULL),(45,1,1,13,1,258,NULL,'可能导致水泥石到规定龄期不满足强度要求的是（）。','A.受冰冻影响|B.养护时在表面洒水|C.使用了减水剂|D.以上均不是','A',NULL,NULL,NULL,NULL,'',45,'0000-00-00 00:00:00',NULL,NULL),(46,1,2,13,1,258,NULL,'下列哪种材料全部属于气硬性胶凝材料？（）','A.石灰|B.水泥|C.建筑石膏|D.沥青|E.硫酸盐水泥','AC',NULL,NULL,NULL,NULL,'',1,'0000-00-00 00:00:00',NULL,NULL),(47,1,2,13,1,258,NULL,'水泥是最重要的建筑材料之一，在（）等基础设施建设工程中得到广泛应用。','A.建筑|B.水利电力|C.国防|D.航空航天|E.汽车','ABCD',NULL,NULL,NULL,NULL,'',2,'0000-00-00 00:00:00',NULL,NULL),(48,1,2,13,1,258,NULL,'建筑石膏凝结硬化时，最主要的特点是（）。','A.体积膨胀|B.体积收缩|C.放出大量的热|D.凝结硬化快|E.变软','AD',NULL,NULL,NULL,NULL,'',3,'0000-00-00 00:00:00',NULL,NULL),(49,1,2,13,1,258,NULL,'下列强度等级水泥中，属于早期强度型水泥的有（）。','A.42.5|B.32.5R|C.42.5R|D.52.5R|E.32.5','BCD',NULL,NULL,NULL,NULL,'',4,'0000-00-00 00:00:00',NULL,NULL),(50,1,2,13,1,258,NULL,'下列属于通用硅酸盐水泥的有（）。','A.普通硅酸盐水泥|B.矿渣硅酸盐水泥|C.复合硅酸盐水泥|D.膨胀水泥|E.抗硫酸盐水泥','ABC',NULL,NULL,NULL,NULL,'',5,'0000-00-00 00:00:00',NULL,NULL),(51,1,2,13,1,258,NULL,'硅酸盐水的强度等级有（）等级。','A.32.5、32.5R|B.42.5、42.5R|C.52.5、52.5R|D.62.5、62.5R|E.72.5、72.5R','BCD',NULL,NULL,NULL,NULL,'',6,'0000-00-00 00:00:00',NULL,NULL),(52,1,2,13,1,258,NULL,'粉煤灰硅酸盐水泥的强度等级分为（）等级。','A.32.5、32.5R|B.42.5、42.5R|C.52.5、52.5R|D.62.5、62.5R|E.72.5、72.5R','ABC',NULL,NULL,NULL,NULL,'',7,'0000-00-00 00:00:00',NULL,NULL),(53,1,2,13,1,258,NULL,'黏土质原料主要是为了提供硅酸盐水泥熟料的（）成分。','A.SiO2|B.Fe3O4|C.CaO|D.Al2O3|E.MgO','AD',NULL,NULL,NULL,NULL,'',8,'0000-00-00 00:00:00',NULL,NULL),(54,1,2,13,1,258,NULL,'硅酸盐水泥熟料的主要矿物组成有（）。','A.C3A|B.C3S|C.C4AF|D.C2S|E.C-S-H','ABCD',NULL,NULL,NULL,NULL,'',9,'0000-00-00 00:00:00',NULL,NULL),(55,1,2,13,1,258,NULL,'硅酸盐水泥水化后的水泥石中容易被侵蚀的成分是下列中的哪几个？（）','A.Ca(OH)2|B.C3S2H3|C.CFH|D.C3AH6|E.C3A·3CaSO4·31H2O','AD',NULL,NULL,NULL,NULL,'',10,'0000-00-00 00:00:00',NULL,NULL),(56,1,2,13,1,258,NULL,'硅酸盐水泥熟料中矿物水化反应后后期强度增长较少的矿物是下列中的哪几个？（）','A.C3S|B.C2S|C.C3A|D.C4AF|E.C-S-H','CD',NULL,NULL,NULL,NULL,'',11,'0000-00-00 00:00:00',NULL,NULL),(57,1,2,13,1,258,NULL,'水泥凝结时间的影响因素很多，以下哪种说法不对？（）','A.熟料中铝酸三钙含量高，石膏掺料不足使水泥快凝|B.水泥的细度越细，水化作用越快|C.水灰比越小，凝结时温度越高，凝结越慢|D.混合材料掺量大，水泥过粗等都使水泥凝结缓慢|E.与水泥熟料组成相关','BC',NULL,NULL,NULL,NULL,'',12,'0000-00-00 00:00:00',NULL,NULL),(58,1,2,13,1,258,NULL,'水泥密度检验时，用到的主要仪器设备有（）。','A.李氏瓶|B.恒温水槽|C.天平|D.净浆搅拌机|E.搅拌机','ABC',NULL,NULL,NULL,NULL,'',13,'0000-00-00 00:00:00',NULL,NULL),(59,1,2,13,1,258,NULL,'通用硅酸盐水泥的物理指标主要包括（）。','A.凝结时间|B.安定性|C.强度|D.细度|E.和易性','ABCD',NULL,NULL,NULL,NULL,'',14,'0000-00-00 00:00:00',NULL,NULL),(60,1,2,13,1,258,NULL,'在做通用硅酸盐水泥化学指标相关试验时，化学指标中非选择性指标的是（）。','A.碱含量|B.不溶物|C.三氧化硫|D.氯离子|E.细度','BCD',NULL,NULL,NULL,NULL,'',15,'0000-00-00 00:00:00',NULL,NULL),(61,1,2,13,1,258,NULL,'水泥的体积安定性主要是由于（）含量过多引起的。','A.硅酸钙|B.游离氧化钙|C.游离氯化镁|D.石膏|E.石灰','BCD',NULL,NULL,NULL,NULL,'',16,'0000-00-00 00:00:00',NULL,NULL),(62,1,2,13,1,258,NULL,'A水泥与B水泥在相同水灰比、龄期下，可能导致A水泥强度低于B水泥强度的是（）。','A.A水泥内掺有较多粉煤灰|B.A水泥使用了减水剂|C.A水泥颗粒较大|D.A水泥含有较多石膏|E.A水泥颗粒较细','AC',NULL,NULL,NULL,NULL,'',17,'0000-00-00 00:00:00',NULL,NULL),(63,1,3,13,1,258,NULL,'无机胶凝材料又可分为气硬性无机胶凝材料和水硬性无机胶凝材料。（）','A.正确|B.错误','A',NULL,NULL,NULL,NULL,'',1,'0000-00-00 00:00:00',NULL,NULL),(64,1,3,13,1,258,NULL,'胶凝材料是经过一系列物理化学变化后，能够产生凝结硬化，将块状材料或颗粒材料胶结为一个整体的材料。（）','A.正确|B.错误','A',NULL,NULL,NULL,NULL,'',2,'0000-00-00 00:00:00',NULL,NULL),(65,1,3,13,1,258,NULL,'气硬性胶凝材料只能在空气中凝结硬化，而水硬性胶凝材料只能在水中硬化。（）','A.正确|B.错误','B',NULL,NULL,NULL,NULL,'',3,'0000-00-00 00:00:00',NULL,NULL),(66,1,3,13,1,258,NULL,'通用水泥按质量水平划分为优等品、一等品和合格品三个等级。（）','A.正确|B.错误','A',NULL,NULL,NULL,NULL,'',4,'0000-00-00 00:00:00',NULL,NULL),(67,1,3,13,1,258,NULL,'矿渣硅酸盐水泥分为P·S·A和P·S·B两种。（）','A.正确|B.错误','A',NULL,NULL,NULL,NULL,'',5,'0000-00-00 00:00:00',NULL,NULL),(68,1,3,13,1,258,NULL,'通用硅酸盐水泥定义：熟料+石膏+规定的混合材。（）','A.正确|B.错误','A',NULL,NULL,NULL,NULL,'',6,'0000-00-00 00:00:00',NULL,NULL),(69,1,3,13,1,258,NULL,'硅酸盐水泥分两种类型，不掺加混合材料的称II型硅酸盐水泥，代号为P·II。（）','A.正确|B.错误','B',NULL,NULL,NULL,NULL,'',7,'0000-00-00 00:00:00',NULL,NULL),(70,1,3,13,1,258,NULL,'普通硅酸盐水泥是由硅酸盐水泥熟料、混合材料、适量石膏磨细制成，其中混合材料的掺量大于5%且小于等于30%。（）','A.正确|B.错误','B',NULL,NULL,NULL,NULL,'',8,'0000-00-00 00:00:00',NULL,NULL),(71,1,3,13,1,258,NULL,'水泥的种类很多，一般按其性能和用途分为通用硅酸盐水泥（简称通用水泥）和特种水泥两大类。（）','A.正确|B.错误','A',NULL,NULL,NULL,NULL,'',9,'0000-00-00 00:00:00',NULL,NULL),(72,1,3,13,1,258,NULL,'在生料的煅烧过程中，最先形成的矿物是C2S、C3A、C4AF。（）','A.正确|B.错误','A',NULL,NULL,NULL,NULL,'',10,'0000-00-00 00:00:00',NULL,NULL),(73,1,3,13,1,258,NULL,'熟料中C3S是熟料煅烧是最先生成的。（）','A.正确|B.错误','B',NULL,NULL,NULL,NULL,'',11,'0000-00-00 00:00:00',NULL,NULL),(74,1,3,13,1,258,NULL,'CaCO3经过分解炉后已全部分解。（）','A.正确|B.错误','B',NULL,NULL,NULL,NULL,'',12,'0000-00-00 00:00:00',NULL,NULL),(75,1,3,13,1,258,NULL,'熟料的平均粒径越小约好。（）','A.正确|B.错误','B',NULL,NULL,NULL,NULL,'',13,'0000-00-00 00:00:00',NULL,NULL),(76,1,3,13,1,258,NULL,'水泥属于水硬性胶凝材料，水泥遇水后会发生物理化学反应，能由可塑性浆体变成坚硬的石状体。（）','A.正确|B.错误','A',NULL,NULL,NULL,NULL,'',14,'0000-00-00 00:00:00',NULL,NULL),(77,1,3,13,1,258,NULL,'不掺加混合材料的硅酸盐水泥的代号为P·I。（）','A.正确|B.错误','A',NULL,NULL,NULL,NULL,'',15,'0000-00-00 00:00:00',NULL,NULL),(78,1,3,13,1,258,NULL,'硅酸盐水泥和普通硅酸盐水泥以比表面积表示，一般不小于300m2/kg。（）','A.正确|B.错误','A',NULL,NULL,NULL,NULL,'',16,'0000-00-00 00:00:00',NULL,NULL),(79,1,3,13,1,258,NULL,'水泥在空气中就会发生物理化学反应，能由可塑性浆体变成坚硬的石状体。（）','A.正确|B.错误','B',NULL,NULL,NULL,NULL,'',17,'0000-00-00 00:00:00',NULL,NULL),(80,1,3,13,1,258,NULL,'对于矿渣水泥、火山灰水泥、粉煤灰水泥、复合水泥，仅细度不符合标准规定者，也可作为合格品。（）','A.正确|B.错误','B',NULL,NULL,NULL,NULL,'',18,'0000-00-00 00:00:00',NULL,NULL),(81,1,3,13,1,258,NULL,'水泥终凝是指水泥加水拌合后获得规定强度的时间点。（）','A.正确|B.错误','B',NULL,NULL,NULL,NULL,'',19,'0000-00-00 00:00:00',NULL,NULL),(82,1,3,13,1,258,NULL,'对于矿渣水泥、火山灰水泥、粉煤灰水泥、复合水泥，凡细度、终凝时间中任一项不符合标准规定者，均可判定为不合格品。（）','A.正确|B.错误','A',NULL,NULL,NULL,NULL,'',20,'0000-00-00 00:00:00',NULL,NULL),(83,1,3,13,1,258,NULL,'水泥加入适量水调成水泥浆后经过一定时间由于本身的物理化学变化会逐渐变稠，失去塑性，但尚不具有强度的过程称为初凝。（）','A.正确|B.错误','A',NULL,NULL,NULL,NULL,'',21,'0000-00-00 00:00:00',NULL,NULL),(84,1,3,13,1,258,NULL,'初凝不宜过快，以便有足够的时间在初凝前完成混凝土和砂浆的搅拌、运输、浇捣和砌筑等各工序。（）','A.正确|B.错误','A',NULL,NULL,NULL,NULL,'',22,'0000-00-00 00:00:00',NULL,NULL),(85,1,3,13,1,258,NULL,'体积安定性不良主要是指水泥在硬化后，产生不均匀的体积变化。（）','A.正确|B.错误','A',NULL,NULL,NULL,NULL,'',23,'0000-00-00 00:00:00',NULL,NULL),(86,1,4,13,1,258,'某水泥生产车间有三种材料，分别表明硅酸盐水泥、粉煤灰和石膏粉，后因保管不善，标签脱落，请回答下列问题。','可用什么方法辨认（）|水泥加入适量水调成是泥浆后经过一定时间由于本身的物理化学变化会逐渐变稠，失去塑性，但尚不具有强度的过程称为（）|制成通用硅酸盐水泥的原料不包括以下哪项？（）|水泥生产过程中，加入过量石膏有何影响？（）|硅酸盐水泥熟料中，放热最多且放热速度最快的是（）','A.加水|B.灼烧|C.称质量|D.看颜色}A.速凝|B.初凝|C.终凝|D.促凝}A.硅酸盐水泥熟料|B.一定量的水化硅酸钙|C.适量的石膏|D.规定的混合材料}A.料难磨|B.料好磨|C.延长凝结时间|D.缩短凝结时间}A.C3A|B.C3S|C.C4AF|D.C2S','A}B}B}C}A',NULL,NULL,NULL,NULL,'',1,'0000-00-00 00:00:00',NULL,NULL),(87,1,1,13,1,259,NULL,'石子最大颗粒尺寸不得超过结构截面最小尺寸的（）倍。','A.1/4|B.1/2|C.3/4|D.1','A',NULL,NULL,NULL,NULL,'',1,'0000-00-00 00:00:00',NULL,NULL),(88,1,1,13,1,259,NULL,'某混凝土柱截面尺寸为300*300mm，则混凝土集料最大粒径（mm）不得超过（）。','A.10|B.20|C.30|D.100','C',NULL,NULL,NULL,NULL,'',2,'0000-00-00 00:00:00',NULL,NULL),(89,1,1,13,1,259,NULL,'混凝土用粗骨料，其最大颗粒粒径不得超过钢筋最小间距的（）。','A.1/2|B.1/3|C.3/5|D.3/4','D',NULL,NULL,NULL,NULL,'',3,'0000-00-00 00:00:00',NULL,NULL),(90,1,1,13,1,259,NULL,'设计钢筋混凝土大型楼板，板厚20cm，钢筋间距为5cm，选用碎石的粒级应为（）。','A.5~10mm|B.5~20mm|C.5~40mm|D.5~60mm','B',NULL,NULL,NULL,NULL,'',4,'0000-00-00 00:00:00',NULL,NULL),(91,1,1,13,1,259,NULL,'设计钢筋混凝土大型楼板，板厚30cm，钢筋间距为6cm，选用碎石的粒级应为（）。','A.5~10mm|B.5~20mm|C.5~40mm|D.5~60mm','C',NULL,NULL,NULL,NULL,'',5,'0000-00-00 00:00:00',NULL,NULL),(92,1,1,13,1,259,NULL,'某混凝土柱截面尺寸为400*400mm，钢筋最小间距为40mm，则混凝土最大粒径不得超过（）。','A.10mm|B.20mm|C.30mm|D.100mm','C',NULL,NULL,NULL,NULL,'',6,'0000-00-00 00:00:00',NULL,NULL),(93,1,1,13,1,259,NULL,'混凝土用粗骨料，其最大颗粒粒径不得超过实心板厚度的（）。','A.1/2|B.1/3|C.1/4|D.1/5','B',NULL,NULL,NULL,NULL,'',7,'0000-00-00 00:00:00',NULL,NULL),(94,1,1,13,1,259,NULL,'设计混凝土大型楼板，板厚30cm，则混凝土集料最大粒径不得超过（）。','A.30mm|B.40mm|C.60mm|D.100mm','B',NULL,NULL,NULL,NULL,'',8,'0000-00-00 00:00:00',NULL,NULL),(95,1,1,13,1,259,NULL,'普通集料的表现密度一般为（）。','A.小于2500kg/m3|B.小于2200kg/m3|C.2500~2900kg/m3|D.3000~5000kg/m3','C',NULL,NULL,NULL,NULL,'',9,'0000-00-00 00:00:00',NULL,NULL),(96,1,1,13,1,259,NULL,'建筑工程中一般多采用（）作细骨料。','A.河砂|B.湖砂|C.山砂|D.海砂','A',NULL,NULL,NULL,NULL,'',10,'0000-00-00 00:00:00',NULL,NULL),(97,1,1,13,1,259,NULL,'在混凝土用砂量不变的条件下，砂的级配良好，说明（）。','A.砂的空隙率大|B.砂的空隙率小|C.砂的总表面积大|D.砂的总表面积小','B',NULL,NULL,NULL,NULL,'',11,'0000-00-00 00:00:00',NULL,NULL),(98,1,1,13,1,259,NULL,'在混凝土用砂量不变条件下，砂的细度模数越小，说明（）。','A.该混凝土细骨料的总表面积增大，水泥用量提高|B.该混凝土细骨料的总表面积减小，可节约水泥|C.该混凝土用砂的颗粒级配不良|D.该混凝土用砂的颗粒级配良好','A',NULL,NULL,NULL,NULL,'',12,'0000-00-00 00:00:00',NULL,NULL),(99,1,1,13,1,259,NULL,'下列各区砂子中，最细的是（）。','A.1区|B.2区|C.3区|D.4区','C',NULL,NULL,NULL,NULL,'',13,'0000-00-00 00:00:00',NULL,NULL),(100,1,1,13,1,259,NULL,'中砂的细度模数为（）。','A.3.7~3.1|B.3.0~2.3|C.2.2~1.6|D.1.5~0.7','B',NULL,NULL,NULL,NULL,'',14,'0000-00-00 00:00:00',NULL,NULL),(101,1,1,13,1,259,NULL,'粗砂的细度模数为（）。','A.3.7~3.1|B.3.0~2.3|C.2.2~1.6|D.1.5~0.7','A',NULL,NULL,NULL,NULL,'',15,'0000-00-00 00:00:00',NULL,NULL),(102,1,1,13,1,259,NULL,'细砂的细度模数为（）。','A.3.7~3.1|B.3.0~2.3|C.2.2~1.6|D.1.5~0.7','C',NULL,NULL,NULL,NULL,'',16,'0000-00-00 00:00:00',NULL,NULL),(103,1,1,13,1,259,NULL,'已知砂的筛分试验中，β1~β6分别为5.4%、14.0%、23.4%、61.6%、82.0%、98.4%，可求得该砂的细度模数为（）。','A.2.67|B.3.3|C.2.55|D.3.5','A',NULL,NULL,NULL,NULL,'',17,'0000-00-00 00:00:00',NULL,NULL),(104,1,1,13,1,259,NULL,'某工程混凝土用砂细度模数为2.8，该砂属于（）。','A.特细砂|B.细砂|C.中砂|D.粗砂','C',NULL,NULL,NULL,NULL,'',18,'0000-00-00 00:00:00',NULL,NULL),(105,1,1,13,1,259,NULL,'压碎指标（），说明细骨料抵抗受压破碎的能力（）。','A.越大，越强|B.越小，越强|C.越小，不确定|D.以上都不对','B',NULL,NULL,NULL,NULL,'',19,'0000-00-00 00:00:00',NULL,NULL),(106,1,1,13,1,259,NULL,'普通混凝土的主要优点不包括（）。','A.可根据不同要求改变组成成分，配制成具有不同物理力学性能的产品|B.可浇筑成不同形状和大小的制品或构件|C.原材料来源广泛，价格低廉|D.自重较大','D',NULL,NULL,NULL,NULL,'',20,'0000-00-00 00:00:00',NULL,NULL),(107,1,1,13,1,259,NULL,'混凝土体积分数最高的组分为（）。','A.胶凝材料|B.水|C.减水剂|D.集料','D',NULL,NULL,NULL,NULL,'',21,'0000-00-00 00:00:00',NULL,NULL),(108,1,1,13,1,259,NULL,'按颗粒尺寸大小，集料可分为粗集料和细集料，其中细集料一般尺寸小于（）。','A.0.75mm|B.3.00mm|C.5.00mm|D.10.00mm','C',NULL,NULL,NULL,NULL,'',22,'0000-00-00 00:00:00',NULL,NULL),(109,1,1,13,1,259,NULL,'集料堆积密度是指（）。','A.在一定温度和绝对密实状态下，单位体积集料的质量|B.具有代表性颗粒的单位体积的质量|C.单位表观体积集料的质量|D.具有代表性颗粒的单位质量的体积','B',NULL,NULL,NULL,NULL,'',23,'0000-00-00 00:00:00',NULL,NULL),(110,1,1,13,1,259,NULL,'以下说法正确的是（）。','A.混凝土的强度一般不会超过骨料的强度|B.普通混凝土的薄弱环节主要表现为骨料的碾碎|C.骨料性能与混凝土耐磨性无直接关系|D.高韧性的骨料不利于混凝土抗冲击性能的提高','B',NULL,NULL,NULL,NULL,'',24,'0000-00-00 00:00:00',NULL,NULL),(111,1,1,13,1,259,NULL,'骨料的弹性模量（），骨料的用量（），混凝土的弹性模量越高。','A.越高，越多|B.越低，越多|C.越高，越少|D.越低，越少','A',NULL,NULL,NULL,NULL,'',25,'0000-00-00 00:00:00',NULL,NULL),(112,1,1,13,1,259,NULL,'配制普通混凝土时最好选用中砂，以下哪一项不是其原因（）。','A.中砂细度适当|B.中砂能满足混凝土的和易性的要求|C.中砂比表面积较大|D.不增加用水量和水泥用量','C',NULL,NULL,NULL,NULL,'',26,'0000-00-00 00:00:00',NULL,NULL),(113,1,1,13,1,259,NULL,'关于砂子细度模数及其级配的说法不正确的是（）。','A.细度模数反映砂子的粗细情况|B.细度模数并不能反映其级配的优劣|C.细度模数相同，级配一定相同|D.细度模数相同，级配可以不相同','C',NULL,NULL,NULL,NULL,'',27,'0000-00-00 00:00:00',NULL,NULL),(114,1,1,13,1,259,NULL,'针状颗粒是指（）。','A.颗粒长度大于该颗粒所属相应粒级的平均粒径2.4倍者|B.颗粒长度小于该颗粒所属相应粒级的平均粒径0.4倍者|C.颗粒厚度小于平均粒径0.4倍者|D.颗粒厚度大于平均粒径2.4倍者','A',NULL,NULL,NULL,NULL,'',28,'0000-00-00 00:00:00',NULL,NULL),(115,1,1,13,1,259,NULL,'泵送混凝土宜采用（）。','A.粗砂|B.中砂|C.细砂|D.特细砂','B',NULL,NULL,NULL,NULL,'',29,'0000-00-00 00:00:00',NULL,NULL),(116,1,1,13,1,259,NULL,'以下关于粗骨料的说法错误的是（）。','A.针状颗粒是指颗粒长度大于该颗粒所属相应粒级的平均粒径2.4倍者|B.片状颗粒是指颗粒厚度大于平均粒径0.4倍者|C.压碎指标越小，石子抵抗破碎的能力越强|D.粗骨料要求有良好的级配','B',NULL,NULL,NULL,NULL,'',30,'0000-00-00 00:00:00',NULL,NULL),(117,1,1,13,1,259,NULL,'集料吸湿量为（）。','A.集料气干状态下的质量与饱和面干状态下的质量的差值|B.集料全干状态下的质量与饱和面干状态下的质量的差值|C.集料气干状态下的质量与润湿状态下的质量的差值|D.集料全干状态下的质量与润湿状态下的质量的差值','B',NULL,NULL,NULL,NULL,'',31,'0000-00-00 00:00:00',NULL,NULL),(118,1,1,13,1,259,NULL,'以下属于活性掺合料的是（）。','A.石灰石|B.砂岩|C.粉煤灰|D.低活性燃料渣','C',NULL,NULL,NULL,NULL,'',32,'0000-00-00 00:00:00',NULL,NULL),(119,1,1,13,1,259,NULL,'矿渣活性主要决定于（）含量。','A.CaO、Al2O3|B.SiO2、TiO2|C.CaO、MnO|D.SiO2、MnO','A',NULL,NULL,NULL,NULL,'',33,'0000-00-00 00:00:00',NULL,NULL),(120,1,1,13,1,259,NULL,'以下有关矿渣的说法不正确的是（）。','A.矿渣可以抑制碱集料反应|B.矿渣可以提高混凝土抗酸侵蚀能力|C.矿渣可显著提高混凝土弹性模量|D.矿渣可显著提高混凝土抗渗能力','C',NULL,NULL,NULL,NULL,'',34,'0000-00-00 00:00:00',NULL,NULL),(121,1,1,13,1,259,NULL,'以下有关粉煤灰的说法不正确的是（）。','A.粉煤灰可以改变混凝土的流动性|B.粉煤灰可以降低混凝土的水化热|C.粉煤灰可以取代水泥，掺量过多时，也不会影响混凝土的抗碳化能力|D.粉煤灰可以抑制碱-骨料反应','C',NULL,NULL,NULL,NULL,'',35,'0000-00-00 00:00:00',NULL,NULL),(122,1,1,13,1,259,NULL,'与下属与天然类掺合料的是（）。','A.硅灰|B.粉煤灰|C.煅烧页岩|D.磨细石灰石粉','D',NULL,NULL,NULL,NULL,'',36,'0000-00-00 00:00:00',NULL,NULL),(123,1,1,13,1,259,NULL,'以下属于工业废渣类掺合料的是（）。','A.硅藻土|B.自然煤矸石粉|C.煅烧页岩|D.火山灰','B',NULL,NULL,NULL,NULL,'',37,'0000-00-00 00:00:00',NULL,NULL),(124,1,1,13,1,259,NULL,'以下有关硅灰的说法正确的是（）。','A.硅灰可以减小混凝土的需水量|B.硅灰可以降低混凝土早期开裂风险|C.硅灰可显著提高混凝土抗化学侵蚀能力|D.硅灰可以减小混凝土自收缩，提高混凝土的体积稳定性','C',NULL,NULL,NULL,NULL,'',38,'0000-00-00 00:00:00',NULL,NULL),(125,1,1,13,1,259,NULL,'硅灰的主要化学组成为（）。','A.CaO|B.Al2O3|C.MnO|D.SiO2','D',NULL,NULL,NULL,NULL,'',39,'0000-00-00 00:00:00',NULL,NULL),(126,1,1,13,1,259,NULL,'一种在混凝土搅拌之前或拌制过程中加入的、用以改善新拌混凝土和（或）硬化混凝土性能的材料，称之为（）。','A.增强材料|B.减水剂|C.早强剂|D.外加剂','D',NULL,NULL,NULL,NULL,'',40,'0000-00-00 00:00:00',NULL,NULL),(127,1,1,13,1,259,NULL,'下列属于改善混凝土拌合物流变性能的外加剂的是（）。','A.缓凝剂|B.减水剂|C.早强剂|D.速凝剂','B',NULL,NULL,NULL,NULL,'',41,'0000-00-00 00:00:00',NULL,NULL),(128,1,1,13,1,259,NULL,'下列属于改善混凝土耐久性的外加剂的是（）。','A.缓凝剂|B.速凝剂|C.早强剂|D.引气剂','D',NULL,NULL,NULL,NULL,'',42,'0000-00-00 00:00:00',NULL,NULL),(129,1,1,13,1,259,NULL,'下列属于调节混凝土凝结时间、硬化性能的外加剂的是（）。','A.减水剂|B.缓凝剂|C.引气剂|D.泵送剂','B',NULL,NULL,NULL,NULL,'',43,'0000-00-00 00:00:00',NULL,NULL),(130,1,1,13,1,259,NULL,'下列属于改善混凝土拌合物流变性能的外加剂的是（）。','A.泵送剂|B.缓凝剂|C.引气剂|D.早强剂','A',NULL,NULL,NULL,NULL,'',44,'0000-00-00 00:00:00',NULL,NULL),(131,1,1,13,1,259,NULL,'以各种高效减水剂为主要组分，再复合各种适量的早强组分或其他功能性组分而成的外加剂的是（）。','A.早强减水剂|B.引气减水剂|C.早强高效减水剂|D.缓凝减水剂','C',NULL,NULL,NULL,NULL,'',45,'0000-00-00 00:00:00',NULL,NULL),(132,1,1,13,1,259,NULL,'下列属于能加速水泥水化和硬化，促进混凝土早期强度增长的外加剂的是（）。','A.早强剂|B.缓凝剂|C.引气剂|D.泵送剂','A',NULL,NULL,NULL,NULL,'',46,'0000-00-00 00:00:00',NULL,NULL),(133,1,1,13,1,259,NULL,'以各种高效减水剂为主要组分，再复合各种适量的缓凝组分或其他功能性组分而成的外加剂的是（）。','A.早强减水剂|B.引气减水剂|C.缓凝高效减水剂|D.缓凝减水剂','C',NULL,NULL,NULL,NULL,'',47,'0000-00-00 00:00:00',NULL,NULL),(134,1,1,13,1,259,NULL,'能抑制或减轻混凝土中钢筋和其它金属预埋件锈蚀的外加剂的是（）。','A.防水剂|B.阻锈剂|C.膨胀剂|D.泵送剂','B',NULL,NULL,NULL,NULL,'',48,'0000-00-00 00:00:00',NULL,NULL),(135,1,1,13,1,259,NULL,'减少混凝土收缩的外加剂的是（）。','A.减缩剂|B.保塑剂|C.速凝剂|D.防水剂','A',NULL,NULL,NULL,NULL,'',49,'0000-00-00 00:00:00',NULL,NULL),(136,1,1,13,1,259,NULL,'具有不改变混凝土凝结时间和早期硬化功能速度的外加剂的是（）。','A.多功能外加剂|B.缓凝型外加剂|C.标准型外加剂|D.促凝型外加剂','C',NULL,NULL,NULL,NULL,'',50,'0000-00-00 00:00:00',NULL,NULL),(137,1,1,13,1,259,NULL,'下列属于能使混凝土迅速凝结硬化的外加剂的是（）。','A.速凝剂|B.保水剂|C.早强剂|D.引气剂','A',NULL,NULL,NULL,NULL,'',51,'0000-00-00 00:00:00',NULL,NULL),(138,1,1,13,1,259,NULL,'下列属于能提高混凝土拌合物黏度的外加剂的是（）。','A.缓凝剂|B.增稠剂|C.保水剂|D.引气剂','B',NULL,NULL,NULL,NULL,'',52,'0000-00-00 00:00:00',NULL,NULL),(139,1,1,13,1,259,NULL,'下列属于能提高水泥砂浆、混凝土抗渗性能的外加剂的是（）。','A.保水剂|B.增稠剂|C.防水剂|D.引气剂','C',NULL,NULL,NULL,NULL,'',53,'0000-00-00 00:00:00',NULL,NULL),(140,1,1,13,1,259,NULL,'下列属于延迟混凝土拌合物硬化的外加剂的是（）。','A.引气剂|B.速凝剂|C.早强剂|D.缓凝剂','D',NULL,NULL,NULL,NULL,'',54,'0000-00-00 00:00:00',NULL,NULL),(141,1,1,13,1,259,NULL,'与水泥、水拌合后经水化反应生成氢氧化钙的混凝土膨胀剂是（）。','A.氧化镁类|B.硫铝酸钙类|C.氧化钙类|D.硫铝酸钙-氧化钙类','C',NULL,NULL,NULL,NULL,'',55,'0000-00-00 00:00:00',NULL,NULL),(142,1,1,13,1,259,NULL,'与水泥、水拌合后经水化反应生成钙矾石和氢氧化钙的混凝土膨胀剂是（）。','A.氧化镁类|B.硫铝酸钙类|C.氧化钙类|D.硫铝酸钙-氧化钙类','D',NULL,NULL,NULL,NULL,'',56,'0000-00-00 00:00:00',NULL,NULL),(143,1,1,13,1,259,NULL,'能使混凝土在负温下硬化，并在规定养护条件下达到预期性能的外加剂是（）。','A.防冻剂|B.阻锈剂|C.减水剂|D.缓凝剂','A',NULL,NULL,NULL,NULL,'',57,'0000-00-00 00:00:00',NULL,NULL),(144,1,1,13,1,259,NULL,'外加剂的（）是指受检混凝土经快速冻融200次后动弹性模量的保留值。','A.防冻性|B.抗冻性|C.动弹性模量|D.相对耐久性指标','D',NULL,NULL,NULL,NULL,'',58,'0000-00-00 00:00:00',NULL,NULL),(145,1,1,13,1,259,NULL,'泵送剂的减水率要求不小于（）。','A.8%|B.10%|C.12%|D.14%','C',NULL,NULL,NULL,NULL,'',59,'0000-00-00 00:00:00',NULL,NULL),(146,1,1,13,1,259,NULL,'引气减水剂的减水率要求不小于（）。','A.8%|B.10%|C.12%|D.14%','B',NULL,NULL,NULL,NULL,'',60,'0000-00-00 00:00:00',NULL,NULL),(147,1,1,13,1,259,NULL,'高效减水剂的减水率要求不小于（）。','A.14%|B.18%|C.20%|D.25%','A',NULL,NULL,NULL,NULL,'',61,'0000-00-00 00:00:00',NULL,NULL),(148,1,1,13,1,259,NULL,'高性能减水剂的减水率要求不小于（）。','A.16%|B.18%|C.20%|D.25%','D',NULL,NULL,NULL,NULL,'',62,'0000-00-00 00:00:00',NULL,NULL),(149,1,1,13,1,259,NULL,'目前，我国使用的高效减水剂品种较多，使用最多的是（）。','A.萘系减水剂|B.氨基磺酸盐系减水剂|C.脂肪族（醛酮缩合物）减水剂|D.密胺系及改性密胺系减水剂','A',NULL,NULL,NULL,NULL,'',63,'0000-00-00 00:00:00',NULL,NULL),(150,1,1,13,1,259,NULL,'目前我国开发的高性能减水及主要以（）为主。','A.萘系减水剂|B.氨基磺酸盐系减水剂|C.聚羧酸盐系减水剂|D.蒽系减水剂','C',NULL,NULL,NULL,NULL,'',64,'0000-00-00 00:00:00',NULL,NULL),(151,1,1,13,1,259,NULL,'硫铝酸钙类混凝土膨胀剂主要水化产物为（）。','A.钙矾石|B.氢氧化钙|C.氢氧化镁|D.钙矾石和氢氧化钙','A',NULL,NULL,NULL,NULL,'',65,'0000-00-00 00:00:00',NULL,NULL),(152,1,1,13,1,259,NULL,'木质素磺酸盐类减水剂的减水率一般为（）。','A.12%~15%|B.15%~18%|C.8%~10%|D.20%以上','C',NULL,NULL,NULL,NULL,'',66,'0000-00-00 00:00:00',NULL,NULL),(153,1,1,13,1,259,NULL,'糖钙是一种（）。','A.高效减水剂|B.缓凝剂|C.增稠剂|D.引气剂','B',NULL,NULL,NULL,NULL,'',67,'0000-00-00 00:00:00',NULL,NULL),(154,1,1,13,1,259,NULL,'以下关于混凝土用水说法不正确的是（）。','A.混凝土用水包括混凝土拌合水和混凝土养护用水|B.混凝土用水不能降低耐久性、加快钢筋腐蚀、污染混凝土表面等有害影响|C.凡是生活饮用水和清洁的天然水都能用于拌制混凝土|D.未经处理的海水可用于预应力混凝土','D',NULL,NULL,NULL,NULL,'',68,'0000-00-00 00:00:00',NULL,NULL),(155,1,1,13,1,259,NULL,'关于引起剂的作用说法不正确的是（）。','A.引气剂能提高混凝土抗冻性|B.引气剂能提高混凝土抗渗性|C.引气剂能提高混凝土强度|D.引气剂能提高混凝土流动性','C',NULL,NULL,NULL,NULL,'',69,'0000-00-00 00:00:00',NULL,NULL),(156,1,1,13,1,259,NULL,'高性能减水剂不包括（）。','A.引气剂|B.早强剂|C.标准型|D.缓凝剂','A',NULL,NULL,NULL,NULL,'',70,'0000-00-00 00:00:00',NULL,NULL),(157,1,1,13,1,259,NULL,'以下关于混凝土膨胀剂描述正确的是（）。','A.当混凝土中有大量掺合料时，得到同样的膨胀率应相应提高膨胀剂掺量|B.水胶比低，早期强度高，不会抑制混凝土膨胀的发展|C.膨胀剂等量取代水泥时，会降低混凝土的温升|D.膨胀剂与其他外加剂复合使用时，不需关注两者的相容性','A',NULL,NULL,NULL,NULL,'',71,'0000-00-00 00:00:00',NULL,NULL),(158,1,1,13,1,259,NULL,'下列关于混凝土用集料（砂、石）叙述正确的是（）。','A.要求骨料空隙率较小、总表面积较小|B.配制低于C30的混凝土用砂，其泥含量应不大于5.0%|C.压碎指标可用来表示细加料的强度|D.当粗集料中夹杂着活性氧化硅时，肯定会使混凝土发生减骨料破坏','A',NULL,NULL,NULL,NULL,'',72,'0000-00-00 00:00:00',NULL,NULL),(159,1,1,13,1,259,NULL,'下列关于普通水泥混凝土的叙述，不正确的是（）。','A.在混凝土中，除水泥外，骨料与水的重量约占总重量的80%以上|B.在钢筋混凝土结构中，混凝土主要承受压力，钢筋主要承受拉力|C.混凝土与钢筋的热膨胀系数大致相同|D.普通水泥混凝土的干表现密度与烧结普通砖相同','D',NULL,NULL,NULL,NULL,'',73,'0000-00-00 00:00:00',NULL,NULL),(160,1,1,13,1,259,NULL,'下列关于混凝土中骨料的分类，不正确的是（）。','A.按颗粒尺寸大小，骨料可分为粗骨料和细骨料|B.依据密度分为中密度骨料（普通骨料）、低密度骨料（轻质骨料）和高密度骨料（重质骨料）|C.按形状可分为卵石和碎石|D.按来源分为天然和人工骨料','C',NULL,NULL,NULL,NULL,'',74,'0000-00-00 00:00:00',NULL,NULL),(161,1,1,13,1,259,NULL,'粉煤灰的三大效应为：形态、活性和（）。','A.火山灰|B.吸附|C.孔的细化作用|D.微骨料','D',NULL,NULL,NULL,NULL,'',75,'0000-00-00 00:00:00',NULL,NULL),(162,1,1,13,1,259,NULL,'关于粉煤灰对混凝土工作性能的影响，下列说法不正确的是（）。','A.减少混凝土需水量|B.增大坍落度损失|C.减少泌水与离析|D.改善混凝土泵送性能','B',NULL,NULL,NULL,NULL,'',76,'0000-00-00 00:00:00',NULL,NULL),(163,1,1,13,1,259,NULL,'集料的含水状态分为（）。①干燥状态②气干状态③饱和面干状态④湿润状态⑤吸水状态','A.①②③④|B.①②④⑤|C.②③④⑤|D.①②③④⑤','A',NULL,NULL,NULL,NULL,'',77,'0000-00-00 00:00:00',NULL,NULL),(164,1,1,13,1,259,NULL,'关于防冻剂对混凝土的作用，下面说法不正确的是（）。','A.早强组分提高混凝土的早期强度，抵抗水结冰产生的膨胀应力|B.减少混凝土中的冰含量，并使冰晶粒度细小且均匀分散，减轻对混凝土的破坏应力|C.防冻组分可降低水的冰点，但水泥在负温下不能继续水化|D.引气组分引入适量封闭的微气泡，减轻冰胀应力及过冷水迁移产生的应力','C',NULL,NULL,NULL,NULL,'',78,'0000-00-00 00:00:00',NULL,NULL),(165,1,1,13,1,259,NULL,'以下关于混凝土膨胀剂描述错误的是（）。','A.当混凝土中有大量掺合料时，得到同样的膨胀率应相应提高膨胀剂掺量|B.水胶比低，早期强度高，也会抑制混凝土膨胀的发展|C.膨胀剂等量取代水泥时，会降低混凝土的温升|D.膨胀剂与其他外加剂复合使用时，应关注两者的相容性','C',NULL,NULL,NULL,NULL,'',79,'0000-00-00 00:00:00',NULL,NULL),(166,1,1,13,1,259,NULL,'液体外加剂中固体物质的含量是指（）。','A.固体含量|B.含水率|C.含水量|D.浓度','A',NULL,NULL,NULL,NULL,'',80,'0000-00-00 00:00:00',NULL,NULL),(167,1,1,13,1,259,NULL,'以下属于硫铝酸钙类膨胀剂的是（）。①FN-M膨胀剂②CSA微膨胀剂③U型膨胀剂④EA-L膨胀剂','A.②③④|B.①②③④|C.③④|D.②③④','B',NULL,NULL,NULL,NULL,'',81,'0000-00-00 00:00:00',NULL,NULL),(168,1,1,13,1,259,NULL,'以下可用作缓凝剂的是（）。','A.松香热聚物|B.硫铝酸钙|C.丙酮|D.糖蜜','D',NULL,NULL,NULL,NULL,'',82,'0000-00-00 00:00:00',NULL,NULL),(169,1,2,13,1,259,NULL,'混凝土是由（）这几种材料组成的。','A.胶凝材料|B.粗骨料|C.细骨料|D.水|E.石膏','ABCD',NULL,NULL,NULL,NULL,'',1,'0000-00-00 00:00:00',NULL,NULL),(170,1,2,13,1,259,NULL,'粗骨料的质量要求包括（）。','A.最大粒径及级配|B.颗粒形状及表面特征|C.有害杂质|D.强度|E.细度模数','ABCD',NULL,NULL,NULL,NULL,'',2,'0000-00-00 00:00:00',NULL,NULL),(171,1,2,13,1,259,NULL,'对混凝土中用砂的质量要求包括（）。','A.有害杂质的含量|B.砂的粗细程度|C.砂的颗粒级配|D.坚固性|E.针片状含量','ABCD',NULL,NULL,NULL,NULL,'',3,'0000-00-00 00:00:00',NULL,NULL),(172,1,2,13,1,259,NULL,'砂、石材料在混凝土中所起的作用有（）。','A.与水发生化学反应|B.节约水泥|C.承受荷载|D.限制硬化水泥的收缩|E.起骨架和填充作用','BCDE',NULL,NULL,NULL,NULL,'',4,'0000-00-00 00:00:00',NULL,NULL),(173,1,2,13,1,259,NULL,'集料中有害杂质包括（）。','A.含泥量和泥块含量|B.硫化物和硫酸盐含量|C.轻物质含量|D.云母含量|E.氧化钙','ABCD',NULL,NULL,NULL,NULL,'',5,'0000-00-00 00:00:00',NULL,NULL),(174,1,2,13,1,259,NULL,'轻骨料按来源分为以下（）几类。','A.天然多孔岩石加工而成的天然轻骨料|B.以地方材料为原材料加工而成的人造轻骨料|C.粉煤灰陶粒|D.页岩陶粒|E.以工业废渣为原材料加工而成的工业废渣轻骨料','ABE',NULL,NULL,NULL,NULL,'',6,'0000-00-00 00:00:00',NULL,NULL),(175,1,2,13,1,259,NULL,'限制石子最大粒径的原因有（）。','A.受搅拌设备的影响|B.混凝土构件截面尺寸的影响|C.粒径太大不易搅拌均匀|D.密实度不易保证|E.石子最大粒径越大易导致薄弱的界面开裂','ABCDE',NULL,NULL,NULL,NULL,'',7,'0000-00-00 00:00:00',NULL,NULL),(176,1,2,13,1,259,NULL,'在砂子标准筛分曲线当中，说法正确的有（）。','A.1、2、3砂区分别代表着三个级配合格的砂区|B.如果砂的实际级配曲线超过1区往右下偏时，表示砂过粗|C.如果如果砂的实际级配曲线超过1区往右下偏时，表示砂过细|D.如果砂的实际级配曲线超过3区往左上偏时，表示砂过粗|E.中砂曲线均落在2区内','AB',NULL,NULL,NULL,NULL,'',8,'0000-00-00 00:00:00',NULL,NULL),(177,1,2,13,1,259,NULL,'根据矿物掺合料的化学活性基本上可分为（）。','A.有胶凝性的|B.有火山灰活性的|C.惰性的|D.安定性的|E.不可水化性的','ABC',NULL,NULL,NULL,NULL,'',9,'0000-00-00 00:00:00',NULL,NULL),(178,1,2,13,1,259,NULL,'拌制混凝土和砂浆用粉煤灰的技术要求包括（）。','A.细度|B.需水量比|C.烧失量|D.三氧化硫|E.含泥量','ABCD',NULL,NULL,NULL,NULL,'',10,'0000-00-00 00:00:00',NULL,NULL),(179,1,2,13,1,259,NULL,'以下对混凝土用水的质量要求说法正确的是（）。','A.不影响混凝土的凝结和硬化|B.无损于混凝土强度发展及耐久性|C.不加快钢筋锈蚀|D.不引起预应力钢筋脆断|E.无氯离子含量限制','ABCD',NULL,NULL,NULL,NULL,'',11,'0000-00-00 00:00:00',NULL,NULL),(180,1,2,13,1,259,NULL,'下列有关配制混凝土的说法正确的是（）。','A.用较粗的砂拌制混凝土比用较细的砂所需的水泥浆少，故应优选粗砂|B.配制混凝土时优选Ⅱ区砂|C.当采用Ⅰ区砂时，应适当降低砂率，以保证混凝土强度|D.混凝土用砂应遵循就地取材的原则|E.砂细粉含量越多越好','AB',NULL,NULL,NULL,NULL,'',12,'0000-00-00 00:00:00',NULL,NULL),(181,1,2,13,1,259,NULL,'混凝土外加剂按其主要功能可分为（）。','A.改善混凝土耐久性的外加剂|B.改善混凝土拌合物流变性能的外加剂|C.改善混凝土其他性能的外加剂|D.调节混凝土凝结时间、硬化性能的外加剂|E.可加快水泥硬化','ABCD',NULL,NULL,NULL,NULL,'',13,'0000-00-00 00:00:00',NULL,NULL),(182,1,2,13,1,259,NULL,'下列选项属于调节混凝土凝结时间、硬化性能的外加剂的是（）。','A.缓凝剂|B.引气剂|C.速凝剂|D.早强剂|E.减水剂','ACD',NULL,NULL,NULL,NULL,'',14,'0000-00-00 00:00:00',NULL,NULL),(183,1,2,13,1,259,NULL,'混凝土外加剂按其主要功能可分为（）。','A.改善混凝土耐久性的外加剂|B.改善混凝土拌合物流变性能的外加剂|C.改善混凝土其他性能的外加剂|D.调节混凝土凝结时间、硬化性能的外加剂|E.均具有减水剂作用','ABCD',NULL,NULL,NULL,NULL,'',15,'0000-00-00 00:00:00',NULL,NULL),(184,1,2,13,1,259,NULL,'下列选项属于改善混凝土耐久性的外加剂的是（）。','A.防水剂|B.缓凝剂|C.引气剂|D.阻锈剂|E.加气剂','ACD',NULL,NULL,NULL,NULL,'',16,'0000-00-00 00:00:00',NULL,NULL),(185,1,2,13,1,259,NULL,'下列选项属于调节混凝土凝结时间、硬化性能的外加剂的是（）。','A.缓凝剂|B.引气剂|C.速凝剂|D.早强剂|E.阻锈剂','ACD',NULL,NULL,NULL,NULL,'',17,'0000-00-00 00:00:00',NULL,NULL),(186,1,2,13,1,259,NULL,'下列选项属于改善混凝土其他性能的外加剂的是（）。','A.加气剂|B.膨胀剂|C.着色剂|D.缓凝剂|E.早强剂','ABC',NULL,NULL,NULL,NULL,'',18,'0000-00-00 00:00:00',NULL,NULL),(187,1,2,13,1,259,NULL,'改善混凝土拌合物流变性能的外加剂主要包括（）。','A.缓凝剂|B.减水剂|C.泵送剂|D.早强剂|E.阻锈剂','BC',NULL,NULL,NULL,NULL,'',19,'0000-00-00 00:00:00',NULL,NULL),(188,1,2,13,1,259,NULL,'混凝土外加剂可应用的工程有（）。','A.铁路|B.公路|C.核电|D.大坝|E.机场','ABCDE',NULL,NULL,NULL,NULL,'',20,'0000-00-00 00:00:00',NULL,NULL),(189,1,2,13,1,259,NULL,'混凝土外加剂具有的主要功能包括（）。','A.改善混凝土和砂浆拌合物施工时的和易性|B.提高混凝土或砂浆的强度及其他物理力学性能|C.节约水泥或代替特种水泥|D.加速混凝土或砂浆的早期强度发展|E.调节混凝土或砂浆的凝结硬化速度','ABCDE',NULL,NULL,NULL,NULL,'',21,'0000-00-00 00:00:00',NULL,NULL),(190,1,2,13,1,259,NULL,'混凝土外加剂具有的主要功能包括（）。','A.调节混凝土或砂浆的含气量|B.降低水泥初期水化热或延缓水化放热|C.改善拌合物的泌水性|D.提高混凝土或砂浆耐各种侵蚀性盐类的腐蚀性|E.减弱碱-集料反应','ABCDE',NULL,NULL,NULL,NULL,'',22,'0000-00-00 00:00:00',NULL,NULL),(191,1,2,13,1,259,NULL,'混凝土外加剂具有的主要功能包括（）。','A.改善混凝土或砂浆的毛细孔结构|B.改善混凝土的泵送性|C.提高钢筋的抗锈蚀能力|D.提高集料与砂浆界面的粘结力，提高钢筋与混凝土的握裹力|E.提高新老混凝土界面的粘结力等','ABCDE',NULL,NULL,NULL,NULL,'',23,'0000-00-00 00:00:00',NULL,NULL),(192,1,2,13,1,259,NULL,'混凝土外加剂按其主要功能可分为（）。','A.改善混凝土耐久性的外加剂|B.改善混凝土拌合物流变性能的外加剂|C.改善混凝土其他性能的外加剂|D.调节混凝土凝结时间、硬化性能的外加剂|E.能加速混凝土早期强度发展的外加剂','ABCD',NULL,NULL,NULL,NULL,'',24,'0000-00-00 00:00:00',NULL,NULL),(193,1,2,13,1,259,NULL,'下列选项属于改善混凝土拌合物流变性能的外加剂的是（）。','A.普通减水剂|B.缓凝剂|C.高效减水剂|D.阻锈剂|E.高性能外加剂','ACE',NULL,NULL,NULL,NULL,'',25,'0000-00-00 00:00:00',NULL,NULL),(194,1,2,13,1,259,NULL,'依据GB8076标准，下列哪些外加剂的含气量指标要求不小于8%（）','A.普通减水剂|B.高效减水剂|C.引气减水剂|D.泵送减水剂|E.早强剂','ABCD',NULL,NULL,NULL,NULL,'',26,'0000-00-00 00:00:00',NULL,NULL),(195,1,2,13,1,259,NULL,'依据GB8076标准，下列哪些外加剂的含气量指标要求大于等于3.0%（）','A.普通减水剂|B.高效减水剂|C.引气减水剂|D.缓凝剂|E.引气剂','CE',NULL,NULL,NULL,NULL,'',27,'0000-00-00 00:00:00',NULL,NULL),(196,1,2,13,1,259,NULL,'工程中应用混凝土膨胀剂时应注意的事项有（）。','A.其他外加剂对膨胀剂膨胀效能的影响|B.其他外加剂与膨胀剂的相容性|C.水胶比的变化|D.掺合料一直膨胀|E.大体积混凝土温升','ABCDE',NULL,NULL,NULL,NULL,'',28,'0000-00-00 00:00:00',NULL,NULL),(197,1,2,13,1,259,NULL,'普通减水剂的主要成分为木质素磺酸盐，通常由亚硫酸盐法生产纸浆的副产品制得，常用的有（）。','A.木钙|B.膨胀剂|C.木钠|D.缓凝剂|E.木镁','ACE',NULL,NULL,NULL,NULL,'',29,'0000-00-00 00:00:00',NULL,NULL),(198,1,2,13,1,259,NULL,'高效减水剂不同于普通减水剂，具有较高的减水率，较低引气量，是我国使用量大、面广的外加剂品种。目前，我国使用的高效减水剂品种较多，主要有（）。','A.萘系减水剂|B.氨基磺酸盐系减水剂|C.脂肪族（醛酮缩合物）减水剂|D.密胺系及改性密胺系减水剂|E.蒽系减水剂','ABCDE',NULL,NULL,NULL,NULL,'',30,'0000-00-00 00:00:00',NULL,NULL),(199,1,2,13,1,259,NULL,'以下关于聚羧酸盐类减水剂说法正确的有（）。','A.是一种高性能外加剂|B.是一种普通减水剂|C.具有掺量低，减水率高的特点|D.外加剂中氯离子和碱含量较低|E.生产和使用过程中具有污染环境的负面影响','ACD',NULL,NULL,NULL,NULL,'',31,'0000-00-00 00:00:00',NULL,NULL),(200,1,2,13,1,259,NULL,'下列外加剂中具有缓凝作用的有（）。','A.缓凝高效减水剂|B.速凝剂|C.膨胀剂|D.缓凝减水剂|E.缓凝剂','ADE',NULL,NULL,NULL,NULL,'',32,'0000-00-00 00:00:00',NULL,NULL),(201,1,2,13,1,259,NULL,'依据GB8076标准，高性能减水剂可分为（）。','A.早强型|B.膨胀型|C.缓凝型|D.促凝型|E.标准型','ACE',NULL,NULL,NULL,NULL,'',33,'0000-00-00 00:00:00',NULL,NULL),(202,1,2,13,1,259,NULL,'膨胀剂在混凝土中的作用（）。','A.抗渗|B.防水|C.防裂|D.补偿收缩|E.增加含气量','ABCD',NULL,NULL,NULL,NULL,'',34,'0000-00-00 00:00:00',NULL,NULL),(203,1,2,13,1,259,NULL,'混凝土膨胀剂按水化产物分为（）。','A.氢氧化钙类|B.硫铝酸钙类|C.氧化钙类|D.硫铝酸钙-氧化钙类|E.石灰类','BCD',NULL,NULL,NULL,NULL,'',35,'0000-00-00 00:00:00',NULL,NULL),(204,1,3,13,1,259,NULL,'石子是用压碎值表示强度指标的。（）','A.正确|B.错误','A',NULL,NULL,NULL,NULL,'',1,'0000-00-00 00:00:00',NULL,NULL),(205,1,3,13,1,259,NULL,'普通混凝土用细骨料是指公称粒径小于5mm的岩石颗粒。（）','A.正确|B.错误','A',NULL,NULL,NULL,NULL,'',2,'0000-00-00 00:00:00',NULL,NULL),(206,1,3,13,1,259,NULL,'配制混凝土用砂、石应尽量使总表面积小些、总空隙率小些。（）','A.正确|B.错误','A',NULL,NULL,NULL,NULL,'',3,'0000-00-00 00:00:00',NULL,NULL),(207,1,3,13,1,259,NULL,'石子的最大粒径的控制是从施工、结构截面尺寸及钢筋间距和经济性等方面考虑的。（）','A.正确|B.错误','A',NULL,NULL,NULL,NULL,'',4,'0000-00-00 00:00:00',NULL,NULL),(208,1,3,13,1,259,NULL,'砂的颗粒级配可用细度模数指标表示。（）','A.正确|B.错误','B',NULL,NULL,NULL,NULL,'',5,'0000-00-00 00:00:00',NULL,NULL),(209,1,3,13,1,259,NULL,'中砂的细度模数为3.0~2.3.（）','A.正确|B.错误','A',NULL,NULL,NULL,NULL,'',6,'0000-00-00 00:00:00',NULL,NULL),(210,1,3,13,1,259,NULL,'石子的最大粒径是指石子公称粒径的上限。（）','A.正确|B.错误','A',NULL,NULL,NULL,NULL,'',7,'0000-00-00 00:00:00',NULL,NULL),(211,1,3,13,1,259,NULL,'随着粗骨料最大粒径的增大，骨料的空隙率及总表面积则随之均增大（级配良好）。（）','A.正确|B.错误','B',NULL,NULL,NULL,NULL,'',8,'0000-00-00 00:00:00',NULL,NULL),(212,1,3,13,1,259,NULL,'若砂子的筛分曲线落在规定的三个级配区中的任一个区，则颗粒级配都是合格的，即适用于配制混凝土。（）','A.正确|B.错误','A',NULL,NULL,NULL,NULL,'',9,'0000-00-00 00:00:00',NULL,NULL),(213,1,3,13,1,259,NULL,'针状颗粒是指颗粒长度大于该颗粒所属相应粒级的平均粒径2.4倍者。（）','A.正确|B.错误','A',NULL,NULL,NULL,NULL,'',10,'0000-00-00 00:00:00',NULL,NULL),(214,1,3,13,1,259,NULL,'混凝土中石子最大粒径的选择，不超过浇筑截面最小尺寸的1/4。（）','A.正确|B.错误','A',NULL,NULL,NULL,NULL,'',11,'0000-00-00 00:00:00',NULL,NULL),(215,1,3,13,1,259,NULL,'评定细骨料粗细程度和级配好坏的指标为筛分曲线和细度模数。（）','A.正确|B.错误','B',NULL,NULL,NULL,NULL,'',12,'0000-00-00 00:00:00',NULL,NULL),(216,1,3,13,1,259,NULL,'混凝土用砂，尽量选用细砂，从而节约水泥。（）','A.正确|B.错误','B',NULL,NULL,NULL,NULL,'',13,'0000-00-00 00:00:00',NULL,NULL),(217,1,3,13,1,259,NULL,'骨料中含杂质较多时，将降低混凝土的强度。（）','A.正确|B.错误','A',NULL,NULL,NULL,NULL,'',14,'0000-00-00 00:00:00',NULL,NULL),(218,1,3,13,1,259,NULL,'现有一个大体积混凝土工程，选择粉煤灰水泥最合适。（）','A.正确|B.错误','B',NULL,NULL,NULL,NULL,'',15,'0000-00-00 00:00:00',NULL,NULL),(219,1,3,13,1,259,NULL,'碱骨料反应是指混凝土内水泥中的碱性氧化物与骨料中的活性二氧化碳发生的反应。（）','A.正确|B.错误','B',NULL,NULL,NULL,NULL,'',16,'0000-00-00 00:00:00',NULL,NULL),(220,1,3,13,1,259,NULL,'石子级配中，空隙率最小的是间断级配。（）','A.正确|B.错误','B',NULL,NULL,NULL,NULL,'',17,'0000-00-00 00:00:00',NULL,NULL),(221,1,3,13,1,259,NULL,'碎石的粗细程度用细度模数表示。（）','A.正确|B.错误','B',NULL,NULL,NULL,NULL,'',18,'0000-00-00 00:00:00',NULL,NULL),(222,1,3,13,1,259,NULL,'细度模数为2.5的砂为中砂。（）','A.正确|B.错误','A',NULL,NULL,NULL,NULL,'',19,'0000-00-00 00:00:00',NULL,NULL),(223,1,3,13,1,259,NULL,'混凝土用粗骨料，其最大颗粒粒径不得超过钢筋最小间距的1/3。（）','A.正确|B.错误','B',NULL,NULL,NULL,NULL,'',20,'0000-00-00 00:00:00',NULL,NULL),(224,1,3,13,1,259,NULL,'混凝土压碎指标越小，说明粗骨料抵抗受压破碎的能力越强。（）','A.正确|B.错误','A',NULL,NULL,NULL,NULL,'',21,'0000-00-00 00:00:00',NULL,NULL),(225,1,3,13,1,259,NULL,'混凝土外加剂的应用有助于节约资源和环境保护。（）','A.正确|B.错误','A',NULL,NULL,NULL,NULL,'',22,'0000-00-00 00:00:00',NULL,NULL),(226,1,3,13,1,259,NULL,'所有混凝土外加剂均能减少混凝土的单位用水量。（）','A.正确|B.错误','B',NULL,NULL,NULL,NULL,'',23,'0000-00-00 00:00:00',NULL,NULL),(227,1,3,13,1,259,NULL,'混凝土外加剂都能提高混凝土的抗压强度。（）','A.正确|B.错误','B',NULL,NULL,NULL,NULL,'',24,'0000-00-00 00:00:00',NULL,NULL),(228,1,3,13,1,259,NULL,'所有混凝土外加剂均能提高混凝土耐久性。（）','A.正确|B.错误','B',NULL,NULL,NULL,NULL,'',25,'0000-00-00 00:00:00',NULL,NULL),(229,1,3,13,1,259,NULL,'能延长混凝土凝结时间，对混凝土后期强度无不利影响的外加剂叫缓凝剂。（）','A.正确|B.错误','A',NULL,NULL,NULL,NULL,'',26,'0000-00-00 00:00:00',NULL,NULL),(230,1,3,13,1,259,NULL,'早强剂时能加速水泥水化和硬化，促进混凝土早期强度增长的外加剂，可缩短混凝土养护龄期，加快施工进度，提高模板和场地周转率。（）','A.正确|B.错误','A',NULL,NULL,NULL,NULL,'',27,'0000-00-00 00:00:00',NULL,NULL),(231,1,3,13,1,259,NULL,'能延长拌合物凝结时间的外加剂称之为保塑剂。（）','A.正确|B.错误','B',NULL,NULL,NULL,NULL,'',28,'0000-00-00 00:00:00',NULL,NULL),(232,1,3,13,1,259,NULL,'减水率为坍落度基本相同时基准混凝土和掺外加剂混凝土单位用水量之差与基准混凝土单位用水量之比。（）','A.正确|B.错误','A',NULL,NULL,NULL,NULL,'',29,'0000-00-00 00:00:00',NULL,NULL),(233,1,3,13,1,259,NULL,'聚羧酸系高性能减水剂与萘系减水剂不宜复合使用。（）','A.正确|B.错误','A',NULL,NULL,NULL,NULL,'',30,'0000-00-00 00:00:00',NULL,NULL),(234,1,3,13,1,259,NULL,'普通减水剂可分为早强型、标准型和缓凝型。（）','A.正确|B.错误','A',NULL,NULL,NULL,NULL,'',31,'0000-00-00 00:00:00',NULL,NULL),(235,1,3,13,1,259,NULL,'高效减水剂的减水率指标要求是大于12%。（）','A.正确|B.错误','B',NULL,NULL,NULL,NULL,'',32,'0000-00-00 00:00:00',NULL,NULL),(236,1,3,13,1,259,NULL,'掺外加剂混凝土的1h含气量经时变化量指标中的“-”号表示含气量增加，“+”号表示含气量减少。（）','A.正确|B.错误','A',NULL,NULL,NULL,NULL,'',33,'0000-00-00 00:00:00',NULL,NULL),(237,1,3,13,1,259,NULL,'掺外加剂混凝土的凝结时间差性能指标中的“-”号表示提前，“+”号表示延缓。（）','A.正确|B.错误','A',NULL,NULL,NULL,NULL,'',34,'0000-00-00 00:00:00',NULL,NULL),(238,1,3,13,1,259,NULL,'膨胀剂应用到混凝土中，旨在防止开裂，提高其抗渗性。（）','A.正确|B.错误','A',NULL,NULL,NULL,NULL,'',35,'0000-00-00 00:00:00',NULL,NULL),(239,1,3,13,1,259,NULL,'氯盐是很好的防冻组分，可推广应用于钢筋混凝土结构中。（）','A.正确|B.错误','B',NULL,NULL,NULL,NULL,'',36,'0000-00-00 00:00:00',NULL,NULL),(240,1,3,13,1,259,NULL,'由于游离氧化镁在混凝土中能起到膨胀作用，故在混凝土膨胀剂中不必限制氧化镁含量。（）','A.正确|B.错误','B',NULL,NULL,NULL,NULL,'',37,'0000-00-00 00:00:00',NULL,NULL),(241,1,3,13,1,259,NULL,'由于膨胀剂多为粉状材料，在使用过程中可以不考虑其他外加水剂外加剂与膨胀剂的相容性问题。（）','A.正确|B.错误','B',NULL,NULL,NULL,NULL,'',38,'0000-00-00 00:00:00',NULL,NULL),(242,1,3,13,1,259,NULL,'当混凝土中有大量掺合料时，得到同样的膨胀率应相应提高膨胀剂掺量。（）','A.正确|B.错误','A',NULL,NULL,NULL,NULL,'',39,'0000-00-00 00:00:00',NULL,NULL),(243,1,3,13,1,259,NULL,'评价防冻剂性能优劣，最主要的指标是掺防冻剂混凝土负温养护下强度是否能继续发展并能达到规定的强度。（）','A.正确|B.错误','A',NULL,NULL,NULL,NULL,'',40,'0000-00-00 00:00:00',NULL,NULL),(244,1,4,13,1,259,'用500g烘干河砂进行筛分析试验，各筛上的晒余量见下表','该次砂的细度模数为（）|该砂为（）|该砂属于（）|该砂的表现密度是指（）|下列说法不正确的是（）','A.2.60|B.2.69|C.2.68|D.2.70}A.粗砂|B.中砂|C.细砂|D.特细砂}A.天然砂|B.人工砂|C.机制砂|D.以上都有可能}A.在一定温度和绝对密实状态下，单位体积集料的质量|B.具有代表性颗粒的单位体积的质量|C.单位表现体积集料的质量|D.具有代表性颗粒的单位质量的体积}A.砂粒径越大，其表面积越小，通常空隙率也相应减小|B.砂的空隙率和表面积主要由集料颗粒级配决定|C.砂表面的覆盖物可增加混凝土密实性，提高混凝土强度|D.通常砂饱和面干状态下的水分含量为2%左右','C}B}A}C}C',NULL,'试验员P23图表',NULL,NULL,'',1,'0000-00-00 00:00:00',NULL,NULL),(245,1,4,13,1,259,'一厂家在所提供的A型外加剂说明中有如下描述：（1）本产品系纯β-萘磺酸盐亚甲基高级缩合物，其主要成分有工业萘、硫酸、甲醛、液碱和氧化钙乳液等。（2）本产品对混凝土具有超塑化、高效减水和增强等功能，同时具有改善新拌混凝土各种性能指标和提高工作性等作用。（3）与基准混凝土同坍落度和等水泥用量的前提下，本产品减水率可达18%~26%，混凝土各龄期强度均有显著提高，3~7d提高50%~90%，28d仍可提高20%以上。（4）本产品掺量范围1%~2%（以胶凝材料量计），可根据与水泥的适应性、气温的变化和混凝土坍落度等要求，在推荐范围内调整确定最佳掺量。从上述描述中，回答如下问题：','该A型外加剂是（）|该A型外加剂属于什么品种减水剂？（）|该A型外加剂的主要功能是（）|该A型外加剂的推荐掺量范围为（）|要使该A型外加剂具有延缓混凝土凝结时间功能，可通过试验复合（）','A.普通减水剂|B.高效减水剂|C.高性能减水剂|D.标准型减水剂}A.萘系|B.氨基磺酸盐细|C.脂肪族|D.密胺系}A.改善混凝土耐久性|B.调节混凝土凝结时间|C.改善混凝土拌合物流变性能|D.改善混凝土体积稳定性}A.1%~1.5%|B.1.5%~2%|C.1%~2%|D.无法确定}A.早强剂|B.缓凝剂|C.引气剂|D.促凝剂','B}A}C}C}B',NULL,NULL,NULL,NULL,'',2,'0000-00-00 00:00:00',NULL,NULL),(246,1,4,13,1,259,'某工业废渣具有如下特征：（1）颜色介于乳白色和灰黑色之间。（2）颗粒细度与水泥接近。（3）手感光滑，显微镜下可观测到较多光滑的玻璃球状颗粒。从上述描述中，回答如下问题：','该工业废渣可能是（）|该工业废渣是（）|该工业废渣在混凝土中的效应不包括（）|混凝土中掺入该工业废渣对混凝土工作性能的影响说法不正确的是（）|以下有关该工业废渣的说法正确的是（）','A.磨细矿渣|B.粉煤灰|C.硅灰|D.硅藻土}A.非活性的|B.火山灰活性的|C.惰性|D.安定性}A.火山灰活性作用|B.填充作用|C.润滑作用|D.早强增强作用}A.增大混凝土需水量|B.减小混凝土需水量|C.减少泌水与离析|D.改善混凝土和易性}A.可以改善混凝土的流动性|B.可增大混凝土的水化热|C.可取代水泥，掺量过多时，也不会影响混凝土的抗碳化能力|D.可提高混凝土自收缩','B}B}D}B}A',NULL,NULL,NULL,NULL,'',3,'0000-00-00 00:00:00',NULL,NULL),(247,1,4,13,1,259,'某混凝土搅拌站试配了一组C35混凝土，坍落度为90mm。根据上述条件，回答下述问题：','将混凝土配合比中用水量增加5kg/m3，则坍落度可能为（）|采用Ⅰ级粉煤灰取代20%水泥，其他组分不变，则混凝土坍落度将（）|将该混凝土中的中砂换成细砂，其他组分不变，则混凝土坍落度将（）|如想增大混凝土坍落度并延缓混凝土凝结时间，可掺入（）|若在该混凝土中采用10%硅灰取代水泥，则下列说法不正确的是（）','A.40mm±10mm|B.60mm±10mm|C.80mm±10mm|D.110mm±10mm}A.减小|B.增大|C.不变|D.以上情况皆有可能}A.减小|B.增大|C.不变|D.以上情况皆有可能}A.早强剂减水剂|B.缓凝型减水剂|C.标准型减水剂|D.引气减水剂}A.减小了混凝土坍落度|B.增大了混凝土强度|C.增大了混凝土体积稳定性|D.提高了混凝土抗化学侵蚀能力','D}B}A}B}C',NULL,NULL,NULL,NULL,'',4,'0000-00-00 00:00:00',NULL,NULL),(248,1,4,13,1,259,'某厂家在所提供聚羧酸外加剂减水率可达25%~30%，按固体掺量计，该减水剂掺量范围为0.15%~0.25%（以胶凝材料量计）。从上述描述中，回答如下问题：','该羧酸外加剂是一种（）|该类型外加剂减水率不小于（）|关于该类型外加剂，下列说法不正确的是（）|与萘系减水剂相比，下列说法正确的是（）|若在寒冷地区使用该减水剂，为提高混凝土抗冻性，可通过复配（）','A.普通减水剂|B.高效减水剂|C.高性能减水剂|D.标准型减水剂}A.10%|B.12%|C.20%|D.25%}A.外加剂钟氯离子和碱含量较低|B.生产和使用过程中具有污染环境的负面影响|C.外加剂增强效果好|D.外加剂结构可变性大}A.坍落度损失大|B.混凝土收缩大|C.两种外加剂可复配使用|D.减水率高、掺量低}A.引气剂|B.缓凝剂|C.早强剂|D.消泡剂','C}D}B}D}A',NULL,NULL,NULL,NULL,'',5,'0000-00-00 00:00:00',NULL,NULL),(249,1,1,13,1,259,NULL,'下列哪一个参数是评价混凝土拌合物性能的重要指标（）','A.凝结时间|B.安定性|C.收缩性能|D.和易性','D',NULL,NULL,NULL,NULL,'',1,'0000-00-00 00:00:00',NULL,NULL),(250,1,1,13,1,259,NULL,'混凝土的徐变是指（）','A.在冲击荷载作用下产生的塑性变形|B.在振动荷载作用下产生的塑性变形|C.在瞬时荷载作用下产生的塑性变形|D.在长期荷载作用下产生的塑性变形','D',NULL,NULL,NULL,NULL,'',2,'0000-00-00 00:00:00',NULL,NULL),(251,1,1,13,1,259,NULL,'在下列材料中，收缩量最大的材料是（）','A.混凝土|B.水泥泥浆|C.水泥净浆|D.纤维混凝土','C',NULL,NULL,NULL,NULL,'',3,'0000-00-00 00:00:00',NULL,NULL),(252,1,1,13,1,259,NULL,'混凝土的碳化是指空气中的（）与水泥石中的（）发生反应。','A.二氧化硅，氧化钙|B.二氧化碳，氢氧化钙|C.二氧化硅，氢氧化钙|D.二氧化碳，氧化钙','B',NULL,NULL,NULL,NULL,'',4,'0000-00-00 00:00:00',NULL,NULL),(253,1,1,13,1,259,NULL,'（）是指混凝土拌合物在自重或机械力作用下，能产生流动，并均匀地填满模板的性能。','A.泌水性|B.黏聚性|C.保水性|D.流动性','D',NULL,NULL,NULL,NULL,'',5,'0000-00-00 00:00:00',NULL,NULL),(254,1,1,13,1,259,NULL,'在下列混凝土的技术性能中，正确的是（）。','A.抗剪性能大于抗压性能|B.轴心抗压强度小于立方体抗压强度|C.混凝土不受力时内部无裂缝|D.徐变对混凝土有害无利','B',NULL,NULL,NULL,NULL,'',6,'0000-00-00 00:00:00',NULL,NULL),(255,1,1,13,1,259,NULL,'以下提高混凝土抗冻性的措施中，不正确的是（）。','A.降低混凝土密实度|B.降低水胶比|C.加强养护|D.掺用引气剂','A',NULL,NULL,NULL,NULL,'',7,'0000-00-00 00:00:00',NULL,NULL),(256,1,1,13,1,259,NULL,'关于合理砂率对混凝土拌合物新拌特性的影响，说法不正确的是（）。','A.流动性最小|B.黏聚性良好|C.保水性良好|D.水泥用量最小','A',NULL,NULL,NULL,NULL,'',8,'0000-00-00 00:00:00',NULL,NULL),(257,1,1,13,1,259,NULL,'关于混凝土碱集料反应的叙述，不正确的是（）。','A.使用低碱水泥可有效抑制碱集料反应|B.掺加矿渣、粉煤灰等矿物掺合料也可抑制碱集料反应|C.保持混凝土干燥可防止碱集料反应发生|D.1kg钾离子的危害与1kg钠离子的危害相同','D',NULL,NULL,NULL,NULL,'',9,'0000-00-00 00:00:00',NULL,NULL),(258,1,1,13,1,259,NULL,'以下防止混凝土碳化的措施中，不正确的是（）。','A.使用混合材掺量少的水泥|B.采用较大的水胶比|C.加强潮湿养护|D.延长养护龄期','B',NULL,NULL,NULL,NULL,'',10,'0000-00-00 00:00:00',NULL,NULL),(259,1,1,13,1,259,NULL,'以下哪一项不是影响混凝土抗冻性的主要因素（）。','A.混凝土密实度|B.混凝土孔隙充水程度|C.混凝土强度|D.养护龄期','C',NULL,NULL,NULL,NULL,'',11,'0000-00-00 00:00:00',NULL,NULL),(260,1,1,13,1,259,NULL,'混凝土拌合物越干硬，表明该混凝土的维勃稠度值（）。','A.越大|B.越小|C.不变|D.趋于零','A',NULL,NULL,NULL,NULL,'',12,'0000-00-00 00:00:00',NULL,NULL),(261,1,1,13,1,259,NULL,'以下关于确定混凝土抗压强度和强度等级的说法正确的是（）。','A.自然养护28d的混凝土的抗压强度可以用来确定混凝土的抗压强度|B.蒸汽养护28d的混凝土的抗压强度可以用来确定混凝土的抗压强度|C.标准养护28d的混凝土的抗压强度可以用来确定混凝土的强度等级|D.自然养护28d的混凝土的抗压强度可以用来确定混凝土的强度等级','C',NULL,NULL,NULL,NULL,'',13,'0000-00-00 00:00:00',NULL,NULL),(262,1,1,13,1,259,NULL,'在提高混凝土耐久性的措施中，最关键的是（）。','A.混凝土的密实度|B.水泥的品质|C.骨料的品质|D.掺入外加剂','A',NULL,NULL,NULL,NULL,'',14,'0000-00-00 00:00:00',NULL,NULL),(263,1,1,13,1,259,NULL,'关于混凝土干湿变形的叙述，不正确的是（）。','A.水泥用量多者，干缩量较大|B.水胶比大者，干缩量较大|C.轻骨料混凝土干缩比普通混凝土大|D.矿渣水泥干缩比普通混凝土小','D',NULL,NULL,NULL,NULL,'',15,'0000-00-00 00:00:00',NULL,NULL),(264,1,1,13,1,259,NULL,'混凝土立方体抗压强度标准值是指（）。','A.立方体抗压强度平均值|B.具有90%保证率的立方体抗压强度|C.具有95%保证率的立方体抗压强度|D.具有100%保证率的立方体抗压强度','C',NULL,NULL,NULL,NULL,'',16,'0000-00-00 00:00:00',NULL,NULL),(265,1,1,13,1,259,NULL,'混凝土拌合物和易性不包括以下哪项内容（）。','A.流动性|B.黏聚性|C.安定性|D.保水性','C',NULL,NULL,NULL,NULL,'',17,'0000-00-00 00:00:00',NULL,NULL),(266,1,1,13,1,259,NULL,'下列措施中，不能减少混凝土干燥收缩的是（）。','A.减少水泥用量|B.增大砂率|C.减少单位用水量|D.加强养护','B',NULL,NULL,NULL,NULL,'',18,'0000-00-00 00:00:00',NULL,NULL),(267,1,1,13,1,259,NULL,'在荷载作用下，混凝土变形可由四个阶段来描述，这四个阶段决定了混凝土（）曲线的特征。','A.应力-应变|B.应力-变形|C.变形-强度|D.强度-力值','A',NULL,NULL,NULL,NULL,'',19,'0000-00-00 00:00:00',NULL,NULL),(268,1,1,13,1,259,NULL,'提高混凝土抗渗性的关键在于（）','A.增加水泥用量|B.提高混凝土的密实度和改变其孔隙结构|C.降低水胶比|D.减少用水量','B',NULL,NULL,NULL,NULL,'',20,'0000-00-00 00:00:00',NULL,NULL),(269,1,1,13,1,259,NULL,'混凝土的干湿变形主要取决于周围环境湿度的变化，表现为（）。','A.收缩|B.膨胀|C.开裂|D.干缩湿胀','D',NULL,NULL,NULL,NULL,'',21,'0000-00-00 00:00:00',NULL,NULL),(270,1,1,13,1,259,NULL,'通常情况下，混凝土的水胶比越大，其强度（）。','A.越大|B.越小|C.不变|D.不一定','B',NULL,NULL,NULL,NULL,'',22,'0000-00-00 00:00:00',NULL,NULL),(271,1,1,13,1,259,NULL,'抗弯强度是指混凝土材料抵抗弯曲不断裂的能力。一般采用三点抗弯测试或（）点测试方法评测。','A.八|B.六|C.五|D.四','D',NULL,NULL,NULL,NULL,'',23,'0000-00-00 00:00:00',NULL,NULL),(272,1,1,13,1,259,NULL,'关于混凝土徐变的叙述不正确的是（）。','A.水泥用量越多，徐变越大|B.混凝土弹性模量大徐变小|C.混凝土徐变没有好处|D.混凝土徐变有有害的一面，也有有利的一面','C',NULL,NULL,NULL,NULL,'',24,'0000-00-00 00:00:00',NULL,NULL),(273,1,1,13,1,259,NULL,'评定和易性的方法有（）。（1）坍落度（2）维勃稠度（3）直观经验评定黏聚性（4）直观经验评定保水性','A.（1）（2）|B.（3）（4）|C.（1）（2）（3）|D.（1）（2）（3）（4）','D',NULL,NULL,NULL,NULL,'',25,'0000-00-00 00:00:00',NULL,NULL),(274,1,1,13,1,259,NULL,'获得大流动性混凝土的最佳方法是（）。','A.增加用水量|B.增大水胶比|C.减少水泥用量|D.掺加减水剂','D',NULL,NULL,NULL,NULL,'',26,'0000-00-00 00:00:00',NULL,NULL),(275,1,1,13,1,259,NULL,'在混凝土材料应力、应变曲线上任一点的应力与应变的比值，称为混凝土在该应力下的（）。','A.变形模量|B.弹性模量|C.剪切模量|D.切线模量','A',NULL,NULL,NULL,NULL,'',27,'0000-00-00 00:00:00',NULL,NULL),(276,1,1,13,1,259,NULL,'以下哪一项不是影响混凝土碳化速度的主要因素（）。','A.水泥的品种|B.砂率|C.水胶比|D.环境湿度和硬化条件','B',NULL,NULL,NULL,NULL,'',28,'0000-00-00 00:00:00',NULL,NULL),(277,1,1,13,1,259,NULL,'以下关于防止混凝土开裂的有效措施，不正确的是（）。','A.减少水泥用量，使用低热水泥|B.在结构中设置温度钢筋|C.低温环境时注意保温养护，防止混凝土早期受冻破坏|D.浇筑成型后不必加强保水养护','D',NULL,NULL,NULL,NULL,'',29,'0000-00-00 00:00:00',NULL,NULL),(278,1,1,13,1,259,NULL,'混凝土失去塑性但不具备机械强度的时间称为混凝土的（）。','A.初凝时间|B.终凝时间|C.固化时间|D.塑性时间','A',NULL,NULL,NULL,NULL,'',30,'0000-00-00 00:00:00',NULL,NULL),(279,1,1,13,1,259,NULL,'混凝土的抗拉强度只有抗压强度的（），且随混凝土强度等级的提高，比值有所降低。','A.1/10~1/20|B.1/2~1/4|C.1/5~1/10|D.1/15~1/25','A',NULL,NULL,NULL,NULL,'',31,'0000-00-00 00:00:00',NULL,NULL),(280,1,1,13,1,259,NULL,'普通混凝土的缺点不包括（）。','A.脆性大|B.抗拉强度低|C.原材料来源广泛，价格低廉|D.自重较大','C',NULL,NULL,NULL,NULL,'',32,'0000-00-00 00:00:00',NULL,NULL),(281,1,1,13,1,259,NULL,'以下哪种措施可以缩短混凝土的凝结时间（）。','A.采用早强剂|B.增加水泥熟料中C3S含量|C.浇筑混凝土后要及时养护|D.增加环境的湿度','A',NULL,NULL,NULL,NULL,'',33,'0000-00-00 00:00:00',NULL,NULL),(282,1,1,13,1,259,NULL,'用于预应力钢筋混凝土构件、吊车梁及特种结构等，应选用（）等级强度的混凝土。','A.C25~C30|B.C40~C45|C.C50~C60|D.C60~C80','B',NULL,NULL,NULL,NULL,'',34,'0000-00-00 00:00:00',NULL,NULL),(283,1,1,13,1,259,NULL,'以下混凝土性能中，不属于混凝土力学性能的是（）。','A.抗压强度|B.抗拉强度|C.徐变|D.抗弯强度','C',NULL,NULL,NULL,NULL,'',35,'0000-00-00 00:00:00',NULL,NULL),(284,1,1,13,1,259,NULL,'将混凝土制品在温度为（20±2）℃，相对湿度大于95%的标准条件下进行的养护，是（）。','A.标准养护|B.自然养护|C.蒸汽养护|D.压蒸养护','A',NULL,NULL,NULL,NULL,'',36,'0000-00-00 00:00:00',NULL,NULL),(285,1,1,13,1,259,NULL,'关于水胶比对混凝土拌合物特性的影响，说法不正确的是（）。','A.水胶比越大，黏聚性越差|B.水胶比越小，保水性越好|C.水胶比过大会产生离析现象|D.水胶比越大，坍落度越小','D',NULL,NULL,NULL,NULL,'',37,'0000-00-00 00:00:00',NULL,NULL),(286,1,1,13,1,259,NULL,'下列（）不会使混凝土的干缩率减小。','A.增加用水量|B.骨料级配良好|C.湿热养护|D.水泥浆量减少（W/B不变）','A',NULL,NULL,NULL,NULL,'',38,'0000-00-00 00:00:00',NULL,NULL),(287,1,1,13,1,259,NULL,'以下（）属于混凝土在荷载作用下的变形。','A.化学收缩|B.徐变|C.温度变形|D.干湿变形','B',NULL,NULL,NULL,NULL,'',39,'0000-00-00 00:00:00',NULL,NULL),(288,1,1,13,1,259,NULL,'混凝土养护应注意夏天保持必要湿度，冬天保持必要温度，其主要原因是（）。','A.增加混凝土中游离水|B.增加混凝土抗渗能力|C.延缓混凝土凝结时间|D.使水泥水化作用正常进行','D',NULL,NULL,NULL,NULL,'',40,'0000-00-00 00:00:00',NULL,NULL),(289,1,2,13,1,259,NULL,'混凝土和易性是一项综合的技术性质，其主要包括（）。','A.流动性|B.黏聚性|C.保水性|D.坍落度|E.强度','ABC',NULL,NULL,NULL,NULL,'',1,'0000-00-00 00:00:00',NULL,NULL),(290,1,2,13,1,259,NULL,'混凝土拌合物的流动性可采用哪些指标表示（）。','A.坍落度|B.维勃稠度|C.流动度|D.扩展度|E.和易性','ABD',NULL,NULL,NULL,NULL,'',2,'0000-00-00 00:00:00',NULL,NULL),(291,1,2,13,1,259,NULL,'和易性的影响因素有（）。','A.水泥浆量|B.水胶比|C.砂率|D.集料性质|E.强度','ABCD',NULL,NULL,NULL,NULL,'',3,'0000-00-00 00:00:00',NULL,NULL),(292,1,2,13,1,259,NULL,'影响混凝土凝结时间的因素主要有（）。','A.原材料|B.施工工艺|C.养护条件|D.砂率|E.振捣密实程度','ABC',NULL,NULL,NULL,NULL,'',4,'0000-00-00 00:00:00',NULL,NULL),(293,1,2,13,1,259,NULL,'混凝土抗压强度主要分为几类（）。','A.混凝土立方体抗压强度|B.混凝土轴心抗压强度|C.混凝土弯曲强度|D.混凝土劈裂抗拉强度|E.混凝土弹性模型','AB',NULL,NULL,NULL,NULL,'',5,'0000-00-00 00:00:00',NULL,NULL),(294,1,2,13,1,259,NULL,'影响混凝土抗压强度的因素主要有（）。','A.水胶比|B.粗集料|C.温湿度|D.施工|E.以上都不对','ABCD',NULL,NULL,NULL,NULL,'',6,'0000-00-00 00:00:00',NULL,NULL),(295,1,2,13,1,259,NULL,'混凝土的抗拉强度可分为几类（）。','A.直接抗拉强度|B.劈裂抗拉强度|C.弯曲抗拉强度|D.抗压强度|E.弹性模量','ABC',NULL,NULL,NULL,NULL,'',7,'0000-00-00 00:00:00',NULL,NULL),(296,1,2,13,1,259,NULL,'以下哪种混凝土是用抗弯强度为主要设计指标的（）。','A.大坝用混凝土|B.道路路面用混凝土|C.机场跑道用混凝土|D.地基基础用混凝土|E.高层建筑','BC',NULL,NULL,NULL,NULL,'',8,'0000-00-00 00:00:00',NULL,NULL),(297,1,2,13,1,259,NULL,'C25~C30的混凝土可以用于以下哪几种结构（）。','A.大跨度结构|B.耐久性高的结构|C.楼梯||D.预制构件|E.只能用于临时建筑物','ABD',NULL,NULL,NULL,NULL,'',9,'0000-00-00 00:00:00',NULL,NULL),(298,1,2,13,1,259,NULL,'提高混凝土抗渗性通常采用的措施有（）。','A.采用较高的水胶比|B.骨料要干净、密致、级配良好|C.施工振捣密实|D.保证养护条件|E.降低强度','BCD',NULL,NULL,NULL,NULL,'',10,'0000-00-00 00:00:00',NULL,NULL),(299,1,2,13,1,259,NULL,'混凝土的耐久性包括（）。','A.抗渗性|B.抗冻性|C.抗侵蚀|D.抗碳化|E.抗压强度','ABCD',NULL,NULL,NULL,NULL,'',11,'0000-00-00 00:00:00',NULL,NULL),(300,1,2,13,1,259,NULL,'混凝土产生裂缝的原因有（）。','A.水泥水化热过大|B.水泥体积安定性不良|C.大气温度变化较大|D.混凝土早期受冻|E.加湿养护','ABCD',NULL,NULL,NULL,NULL,'',12,'0000-00-00 00:00:00',NULL,NULL),(301,1,2,13,1,259,NULL,'影响混凝土干缩变形的因素有（）。','A.水泥用量、细度|B.水泥品种|C.水胶比|D.骨料的质量|E.测试方法','ABCD',NULL,NULL,NULL,NULL,'',13,'0000-00-00 00:00:00',NULL,NULL),(302,1,2,13,1,259,NULL,'普通混凝土力学性能试验包括（）。','A.抗压强度试验|B.轴心抗压强度试验|C.静力受压弹性模量试验|D.抗折强度试验|E.坍落度试验','ABCD',NULL,NULL,NULL,NULL,'',14,'0000-00-00 00:00:00',NULL,NULL),(303,1,2,13,1,259,NULL,'抗侵蚀性是指混凝土在含有侵蚀性介质环境中遭受到化学侵蚀、物理作用而不破坏的能力。目前的侵蚀类型主要有（）。','A.硫酸盐侵蚀|B.酸侵蚀|C.碱-集料反应|D.海水侵蚀|E.干缩','ABD',NULL,NULL,NULL,NULL,'',15,'0000-00-00 00:00:00',NULL,NULL),(304,1,2,13,1,259,NULL,'混凝土非荷载作用下的变形分为哪几种（）。','A.化学收缩|B.塑性收缩|C.干湿变形|D.温度变形|E.开裂','ABCD',NULL,NULL,NULL,NULL,'',16,'0000-00-00 00:00:00',NULL,NULL),(305,1,2,13,1,259,NULL,'影响混凝土抗冻性能的主要因素有（）。','A.混凝土密实度|B.水胶比|C.养护时间|D.混凝土孔隙充水程度|E.以上皆不影响','ABCD',NULL,NULL,NULL,NULL,'',17,'0000-00-00 00:00:00',NULL,NULL),(306,1,2,13,1,259,NULL,'混凝土碱集料反应的条件是（）。','A.一定的湿度条件|B.集料中有活性集料|C.胶凝材料中有碱性物质|D.高温条件|E.标准养护','ABC',NULL,NULL,NULL,NULL,'',18,'0000-00-00 00:00:00',NULL,NULL),(307,1,2,13,1,259,NULL,'混凝土拌合物和易性的好坏，不仅直接影响工人浇筑混凝土的效率，而且会影响（）。','A.混凝土硬化后的强度|B.混凝土耐久性|C.混凝土密实度|D.混凝土的抗冻性|E.水胶比','ABCD',NULL,NULL,NULL,NULL,'',19,'0000-00-00 00:00:00',NULL,NULL),(308,1,2,13,1,259,NULL,'影响混凝土碳化性的因素有（）。','A.水泥品种|B.水胶比|C.外加剂|D.环境条件|E.钢筋','ABCD',NULL,NULL,NULL,NULL,'',20,'0000-00-00 00:00:00',NULL,NULL),(309,1,3,13,1,259,NULL,'碱集料反应产生的碱-硅酸盐凝胶，吸水后会产生膨胀，体积可增大8~10倍。（）','A.正确|B.错误','B',NULL,NULL,NULL,NULL,'',1,'0000-00-00 00:00:00',NULL,NULL),(310,1,3,13,1,259,NULL,'水胶比决定CO2在混凝土中的扩散速度。水胶比越大，混凝土内部的孔隙率就越大，混凝土碳化的速度越快。（）','A.正确|B.错误','A',NULL,NULL,NULL,NULL,'',2,'0000-00-00 00:00:00',NULL,NULL),(311,1,3,13,1,259,NULL,'抗渗性是指混凝土在饱和水状态下，经多次冻融循环作用而不破坏，强度也不严重降低的，不发生渗透的性能。（）','A.正确|B.错误','B',NULL,NULL,NULL,NULL,'',3,'0000-00-00 00:00:00',NULL,NULL),(312,1,3,13,1,259,NULL,'在混凝土中掺入掺合料，如掺入优质粉煤灰等，可提高密实度，因而提高了混凝土抗渗性。（）','A.正确|B.错误','A',NULL,NULL,NULL,NULL,'',4,'0000-00-00 00:00:00',NULL,NULL),(313,1,3,13,1,259,NULL,'抗渗性随水胶比的增加而下降，当水胶比大于0.3时，抗渗性急剧下降。（）','A.正确|B.错误','B',NULL,NULL,NULL,NULL,'',5,'0000-00-00 00:00:00',NULL,NULL),(314,1,3,13,1,259,NULL,'混凝土密实度越大，抵抗冻融破坏的能力越强，抗冻性越高。（）','A.正确|B.错误','A',NULL,NULL,NULL,NULL,'',6,'0000-00-00 00:00:00',NULL,NULL),(315,1,3,13,1,259,NULL,'混凝土中的水泥用量少，水胶比小，混凝土弹性模量小。（）','A.正确|B.错误','B',NULL,NULL,NULL,NULL,'',7,'0000-00-00 00:00:00',NULL,NULL),(316,1,3,13,1,259,NULL,'混凝土弹性模量是反映混凝土结构或钢筋混凝土结构刚度大小的重要指标。（）','A.正确|B.错误','A',NULL,NULL,NULL,NULL,'',8,'0000-00-00 00:00:00',NULL,NULL),(317,1,3,13,1,259,NULL,'混凝土具有热胀冷缩的性质，称其变形为温度变形。（）','A.正确|B.错误','A',NULL,NULL,NULL,NULL,'',9,'0000-00-00 00:00:00',NULL,NULL),(318,1,3,13,1,259,NULL,'混凝土的变形包括轻荷载作用下的变形和重荷载作用下的变形。（）','A.正确|B.错误','B',NULL,NULL,NULL,NULL,'',10,'0000-00-00 00:00:00',NULL,NULL),(319,1,3,13,1,259,NULL,'抗弯强度是指混凝土材料抵抗弯曲不断裂的能力。一般采用二点抗弯测试或三点测试方法评测。（）','A.正确|B.错误','B',NULL,NULL,NULL,NULL,'',11,'0000-00-00 00:00:00',NULL,NULL),(320,1,3,13,1,259,NULL,'混凝土的抗拉强度只有抗压强度的1/10~1/20，且随混凝土强度等级的提高，比值有所降低。（）','A.正确|B.错误','A',NULL,NULL,NULL,NULL,'',12,'0000-00-00 00:00:00',NULL,NULL),(321,1,3,13,1,259,NULL,'混凝土的强度发展在一定的温度、湿度条件下，在0~40℃范围内，抗压强度随温度增高。（）','A.正确|B.错误','A',NULL,NULL,NULL,NULL,'',13,'0000-00-00 00:00:00',NULL,NULL),(322,1,3,13,1,259,NULL,'混凝土强度等级是混凝土结构设计的强度计算依据，同时还是混凝土施工中控制工程质量和工程验收时的重要依据。（）','A.正确|B.错误','A',NULL,NULL,NULL,NULL,'',14,'0000-00-00 00:00:00',NULL,NULL),(323,1,3,13,1,259,NULL,'混凝土的轴心抗压强度与立方体抗压强度之比约为0.9~1.0.（）','A.正确|B.错误','B',NULL,NULL,NULL,NULL,'',15,'0000-00-00 00:00:00',NULL,NULL),(324,1,3,13,1,259,NULL,'使用化学速凝、早强剂或硅灰，可同时缩短混凝土拌合物的初凝和终凝时间，并减少初终凝的时间差。（）','A.正确|B.错误','A',NULL,NULL,NULL,NULL,'',16,'0000-00-00 00:00:00',NULL,NULL),(325,1,3,13,1,259,NULL,'贯入阻力达到3.5MPa和28.0MPa的时间分别为混凝土拌合物的初凝和终凝时间。（）','A.正确|B.错误','A',NULL,NULL,NULL,NULL,'',17,'0000-00-00 00:00:00',NULL,NULL),(326,1,3,13,1,259,NULL,'强度等级大于C60的混凝土称为高强混凝土。（）','A.正确|B.错误','A',NULL,NULL,NULL,NULL,'',18,'0000-00-00 00:00:00',NULL,NULL),(327,1,3,13,1,259,NULL,'防止混凝土中钢筋锈蚀的主要措施是钢筋表面刷油漆。（）','A.正确|B.错误','B',NULL,NULL,NULL,NULL,'',19,'0000-00-00 00:00:00',NULL,NULL),(328,1,3,13,1,259,NULL,'流动性、黏聚性和保水性三者既相互关联又相互矛盾，当流动性很大时，则往往黏聚性和保水性较差。（）','A.正确|B.错误','A',NULL,NULL,NULL,NULL,'',20,'0000-00-00 00:00:00',NULL,NULL),(329,1,3,13,1,259,NULL,'当混凝土拌合物坍落度太小时，保持水胶比不变，适当增加水泥浆量；当混凝土坍落度太大，保持砂率不变，适当增加砂、石。（）','A.正确|B.错误','A',NULL,NULL,NULL,NULL,'',21,'0000-00-00 00:00:00',NULL,NULL),(330,1,3,13,1,259,NULL,'水泥熟料组分及细度、掺合料种类及掺量、外加剂等均会影响混凝土拌合物的凝结时间。（）','A.正确|B.错误','A',NULL,NULL,NULL,NULL,'',22,'0000-00-00 00:00:00',NULL,NULL),(331,1,4,13,1,259,'某混凝土搅拌站试配了一组C30混凝土配合比，拌合物性能如下：坍落度65mm，初凝和终凝时间分别为210min和600min。根据上述条件，回答下述问题：','坍落度是表示混凝土（）的指标。|该坍落度属于（）等级的坍落度等级。|以下（）不利于改善混凝土的流动性。|初凝时间是指混凝土拌合物从加水搅拌开始至贯入阻力达到（）时的时间。|以下（）不是影响混凝土凝结时间的主要因素。','A.越聚性|B.保水性|C.流动性|D.安定性}A.S1|B.S2|C.S3|D.S4}A.增大水胶比|B.降低减水剂用量|C.合理砂率|D.增大水泥浆含量（W/B不变）}A.2.5MPa|B.3.5MPa|C.4.5MPa|D.28.0MPa}A.外加剂|B.施工工艺|C.强度等级|D.养护条件','C}B}B}B}C',NULL,NULL,NULL,NULL,'',1,'0000-00-00 00:00:00',NULL,NULL),(332,1,4,13,1,259,'某地正处于寒冷干燥的气候，工地浇筑的混凝土设计强度等级为C30，根据工地现场测试，得到实体混凝土结构28d的强度为25.5MPa。根据上述条件，回答下述问题：','该设计强度等级的混凝土适合下列哪种结构（）|混凝土强度等级是根据混凝土（）标准值来确定的。|混凝土的轴心抗压强度与立方体抗压强度之比约为（）|该混凝土实际强度未达到设计强度的可能原因是（）|以下（）不能提高混凝土的强度','A.垫层、基础、地平及受力不大的结构|B.高层建筑|C.大跨度结构、耐久性高的结构、预制构件等结构|D.预应力钢筋混凝土构件}A.立方体抗压强度|B.轴心抗压强度|C.抗拉强度|D.弯曲强度}A.0.7~0.9|B.0.8~0.9|C.0.6~0.8|D.0.7~0.8}A.浇筑的影响|B.水泥的影响|C.结构的影响|D.温湿度的影响}A.降低水胶比|B.选用表面光滑的卵石|C.选用表面粗糙、多棱角的碎石|D.加强养护','C}A}D}D}B',NULL,NULL,NULL,NULL,'',2,'0000-00-00 00:00:00',NULL,NULL),(333,1,4,13,1,259,'某抗冻混凝土设计抗冻等级为F150，经实测该混凝土的抗冻等级只达到F100。经调查，该工程为了赶工期，缩短了冻结前的养护时间。根据上述问题，回答下列问题：','该抗冻等级的判定采用的是什么方法？（）|该抗冻混凝土实测抗冻等级为F100，可能原因是（）|如提高该混凝土的密实度，则抗冻性（）|寒冷地区的混凝土应比温暖地区具有（）的抗冻性|以下（）不能提高混凝土的抗冻性','A.慢冻法|B.快冻法|C.慢冻法和快冻法相结合|D.无法判断}A.气温温度太高|B.养护时间不足|C.结构设计错误|D.无法判断}A.降低|B.不确定|C.不变|D.提高}A.相同|B.更低|C.更高|D.不确定}A.提高水胶比|B.掺用引气剂|C.加强养护|D.掺用防水剂','B}B}D}C}A',NULL,NULL,NULL,NULL,'',3,'0000-00-00 00:00:00',NULL,NULL),(334,1,1,13,1,259,NULL,'要试配混凝土强度为C25~C30时，按JGJ55规定，用fcu=fcu,k+1.645σ，其中混凝土标准方差σ取（）。','A.4.0|B.5.0|C.6.0|D.8.0','B',NULL,NULL,NULL,NULL,'',1,'0000-00-00 00:00:00',NULL,NULL),(335,1,1,13,1,259,NULL,'混凝土质量配合比为水泥：砂：碎石=1:2.13:4.31，W/B=0.58，水泥用量为310kg/m3,1m3混凝土中含水（）kg。','A.185|B.180|C.175|D.170','B',NULL,NULL,NULL,NULL,'',2,'0000-00-00 00:00:00',NULL,NULL),(336,1,1,13,1,259,NULL,'某混凝土工程，所用配合比为水泥：砂：碎石=1:1.98:3.90，W/B=0.64.已知混凝土拌合物的体积密度为2400kg/m3,1立方米混凝土中含砂（）kg。','A.656|B.632|C.665|D.566','B',NULL,NULL,NULL,NULL,'',3,'0000-00-00 00:00:00',NULL,NULL),(337,1,1,13,1,259,NULL,'混凝土表观密度为2400kg/m3，水泥用量300kg/m3，水胶比0.60，砂率35%，每立方米混凝土中含石（）kg。','A.1366|B.1429|C.1248|D.1294','C',NULL,NULL,NULL,NULL,'',4,'0000-00-00 00:00:00',NULL,NULL),(338,1,1,13,1,259,NULL,'某钢筋混凝土柱的设计强度等级为C30，已知混凝土强度标准差为5.0MPa，则混凝土的配制强度为（）MPa。','A.38.2|B.39.0|C.37.5|D.32.8','A',NULL,NULL,NULL,NULL,'',5,'0000-00-00 00:00:00',NULL,NULL),(339,1,1,13,1,259,NULL,'根据GB/T8076混凝土高性能外加剂检验时配制基准混凝土配合比水泥用量（）kg/m3。','A.330|B.360|C.330±10|D.360±10','B',NULL,NULL,NULL,NULL,'',6,'0000-00-00 00:00:00',NULL,NULL),(340,1,1,13,1,259,NULL,'已知混凝土的设计配合比为mc:ms:mg=343:625:1250,W/B=0.54；测得施工现场砂含水率为4%，石含水率为2%，则施工配合比中的砂用量为（）。','A.601|B.638|C.650|D.651','D',NULL,NULL,NULL,NULL,'',7,'0000-00-00 00:00:00',NULL,NULL),(341,1,1,13,1,259,NULL,'混凝土表观密度为2400kg/m3，水泥用量260kg/m3，粉煤灰用量40kg/m3,水胶比0.60，砂率35%，每立方米混凝土中含砂（）kg。','A.672|B.735|C.777|D.1248','A',NULL,NULL,NULL,NULL,'',8,'0000-00-00 00:00:00',NULL,NULL),(342,1,1,13,1,259,NULL,'欲设计C30普通混凝土，其试配强度为（）。','A.21.8MPa|B.38.2MPa|C.30.0MPa|D.40.0MPa','B',NULL,NULL,NULL,NULL,'',9,'0000-00-00 00:00:00',NULL,NULL),(343,1,1,13,1,259,NULL,'某材料试验室有一张混凝土用量配方，数字清晰为1:0.61:2.50:4.45，而文字模糊，下列哪种经验描述是正确的（）。','A.水：水泥：砂：石|B.水泥：水：砂：石|C.砂：水泥：水：石|D.水泥：砂：水：石','B',NULL,NULL,NULL,NULL,'',10,'0000-00-00 00:00:00',NULL,NULL),(344,1,1,13,1,259,NULL,'当采用特细砂配制混凝土时，以下措施中不可取的是（）。','A.采用较小砂率|B.增加水泥用量|C.采用较小的坍落度|D.掺减水剂','C',NULL,NULL,NULL,NULL,'',11,'0000-00-00 00:00:00',NULL,NULL),(345,1,1,13,1,259,NULL,'进行配合比设计时，水胶比根据（）确定。','A.强度|B.流动性|C.工作性|D.耐久性','A',NULL,NULL,NULL,NULL,'',12,'0000-00-00 00:00:00',NULL,NULL),(346,1,1,13,1,259,NULL,'混凝土配合比设计时，骨料一般以（）状态为基准。','A.干燥|B.湿润|C.含水率为5.0%|D.含水率为3.0%','A',NULL,NULL,NULL,NULL,'',13,'0000-00-00 00:00:00',NULL,NULL),(347,1,1,13,1,259,NULL,'某钢筋混凝土结构，所需设计强度等级为C30，已知混凝土强度标准差为6.0MPa，则混凝土的配制强度为（）MPa。','A.36.58|B.37.90|C.39.70|D.39.87','D',NULL,NULL,NULL,NULL,'',14,'0000-00-00 00:00:00',NULL,NULL),(348,1,1,13,1,259,NULL,'根据GB/T8076混凝土早强剂检验时配置基准混凝土配合比水泥用量（）kg/m3。','A.330|B.360|C.330±10|D.360±10','A',NULL,NULL,NULL,NULL,'',15,'0000-00-00 00:00:00',NULL,NULL),(349,1,1,13,1,259,NULL,'进行混凝土泵送剂检测时，基准混凝土配合比按JGJ55进行设计，受检混凝土与基准混凝土的水泥用量相同均为（）kg/m3(采用碎石)。','A.330±10|B.360±10|C.360|D.330','C',NULL,NULL,NULL,NULL,'',16,'0000-00-00 00:00:00',NULL,NULL),(350,1,1,13,1,259,NULL,'混凝土质量配合比为水泥：砂：碎石=1:2.13:4.31，W/B=0.58，水泥用量为310kg/m3,1m3混凝土中含砂（）kg。','A.656|B.632|C.660|D.566','C',NULL,NULL,NULL,NULL,'',17,'0000-00-00 00:00:00',NULL,NULL),(351,1,1,13,1,259,NULL,'为保证耐久性，一般结构的钢筋混凝土水泥用量（kg/m3）不宜小于（）。','A.200|B.220|C.240|D.260','D',NULL,NULL,NULL,NULL,'',18,'0000-00-00 00:00:00',NULL,NULL),(352,1,1,13,1,259,NULL,'某住宅楼工程构造柱用碎石混凝土，设计强度等级为C20，已知混凝土强度标准差为4.0MPa，则混凝土的配制强度为（）MPa。','A.36.58|B.36.85|C.26.58|D.26.85','C',NULL,NULL,NULL,NULL,'',19,'0000-00-00 00:00:00',NULL,NULL),(353,1,1,13,1,259,NULL,'配制混凝土时，应以（）方式计量。','A.质量|B.体积|C.干密度|D.饱和密度','A',NULL,NULL,NULL,NULL,'',20,'0000-00-00 00:00:00',NULL,NULL),(354,1,1,13,1,259,NULL,'已知某混凝土的水胶比为0.5，用水量为180kg/m3，砂率为33%，混凝土拌合料成型后实测其表观密度为2400kg/m3，则每立方米混凝土中含砂（）kg。','A.614|B.641|C.656|D.665','A',NULL,NULL,NULL,NULL,'',21,'0000-00-00 00:00:00',NULL,NULL),(355,1,1,13,1,259,NULL,'已知普通混凝土的试配强度为38.2MPa，水泥实际抗压强度为48.0MPa，粗骨料为碎石（aa=0.53,ab=0.20），则其水胶比应为（）。','A.0.34|B.0.44|C.0.59|D.2.94','B',NULL,NULL,NULL,NULL,'',22,'0000-00-00 00:00:00',NULL,NULL),(356,1,1,13,1,259,NULL,'混凝土质量配合比为水泥：砂：碎石=1:2.13:4.31，W/B=0.58，水泥用量为310kg/m3,1m3混凝土中含石（）kg。','A.1356|B.1366|C.1363|D.1336','D',NULL,NULL,NULL,NULL,'',23,'0000-00-00 00:00:00',NULL,NULL),(357,1,1,13,1,259,NULL,'某工程的混凝土配合比中水泥用量300kg/m3，粉煤灰用量100kg/m3，用水量180kg/m3，该工程混凝土的水胶比为（）。','A.0.30|B.0.40|C.0.45|D.0.50','C',NULL,NULL,NULL,NULL,'',24,'0000-00-00 00:00:00',NULL,NULL),(358,1,1,13,1,259,NULL,'已知某混凝土的水灰比为0.5，用水量为180kg/m3，砂率为33%，混凝土拌合料成型后实测其表观密度为2400kg/m3，则每立方米混凝土中含石（）kg。','A.1366|B.1429|C.1246|D.1294','C',NULL,NULL,NULL,NULL,'',25,'0000-00-00 00:00:00',NULL,NULL),(359,1,1,13,1,259,NULL,'某工程基础用碎石混凝土，所需设计强度等级为C30，已知混凝土强度标准差为4.8MPa，则混凝土的配制强度为（）MPa.','A.36.58|B.37.90|C.39.70|D.37.85','B',NULL,NULL,NULL,NULL,'',26,'0000-00-00 00:00:00',NULL,NULL),(360,1,1,13,1,259,NULL,'设计混凝土配合比时，选用水胶比的原则是（）。','A.混凝土强度的要求|B.小于最大水胶比|C.混凝土强度的要求与最大水胶比的规定|D.大于最大水胶比','C',NULL,NULL,NULL,NULL,'',27,'0000-00-00 00:00:00',NULL,NULL),(361,1,1,13,1,259,NULL,'在试拌混凝土时，发现混凝土拌合物的流动性偏大，应采取（）。','A.直接加水泥|B.保持砂率不变，增加砂石用量|C.保持水胶比不变加水泥浆|D.加混合材料','B',NULL,NULL,NULL,NULL,'',28,'0000-00-00 00:00:00',NULL,NULL),(362,1,1,13,1,259,NULL,'配制混凝土时，限制最大水胶比和最小水泥用量是为了满足（）的要求。','A.强度|B.刚度|C.变形|D.耐久性','D',NULL,NULL,NULL,NULL,'',29,'0000-00-00 00:00:00',NULL,NULL),(363,1,1,13,1,259,NULL,'某混凝土预制构件厂，生产钢筋混凝土大量需用设计强度为C30的混凝土，已知混凝土强度标准差为4.0MPa，则混凝土的配制强度为（）MPa。','A.36.58|B.36.85|C.37.58|D.37.85','A',NULL,NULL,NULL,NULL,'',30,'0000-00-00 00:00:00',NULL,NULL),(364,1,1,13,1,259,NULL,'混凝土表观密度为2400kg/m3，水泥用量300kg/m3，水胶比0.60，砂率35%，每立方米混凝土中含水（）kg。','A.144|B.105|C.170|D.180','D',NULL,NULL,NULL,NULL,'',31,'0000-00-00 00:00:00',NULL,NULL),(365,1,1,13,1,259,NULL,'通常情况下，混凝土的水胶比越大，其强度（）。','A.越大|B.越小|C.不变|D.不一定','B',NULL,NULL,NULL,NULL,'',32,'0000-00-00 00:00:00',NULL,NULL),(366,1,1,13,1,259,NULL,'要试配混凝土强度为C25~C30时，用fcu=fcu,k+1.645σ，其中混凝土标准方差σ取（）。','A.4.0|B.5.0|C.6.0|D.8.0','B',NULL,NULL,NULL,NULL,'',33,'0000-00-00 00:00:00',NULL,NULL),(367,1,1,13,1,259,NULL,'在混凝土用砂量不变条件下，砂的细度模数越小，说明（）。','A.该混凝土细骨料的总表面积增大，水泥用量提高|B.该混凝土细骨料的总表面积减小，可节约水泥|C.该混凝土用砂的颗粒级配不良|D.该混凝土用砂的颗粒级配良好','A',NULL,NULL,NULL,NULL,'',34,'0000-00-00 00:00:00',NULL,NULL),(368,1,1,13,1,259,NULL,'混凝土的密实度与（）有直接关系，与（）有间接关系。','A.水泥单位用量，水胶比|B.水胶比，水泥单位用量|C.水胶比，用水量|D.用水量，水胶比','B',NULL,NULL,NULL,NULL,'',35,'0000-00-00 00:00:00',NULL,NULL),(369,1,1,13,1,259,NULL,'配制高性能混凝土的关键措施是（）。','A.加入性能较好的水泥|B.加入质量较好的水|C.加入性能较好的骨料|D.掺加优质活性细矿物掺和材料','D',NULL,NULL,NULL,NULL,'',36,'0000-00-00 00:00:00',NULL,NULL),(370,1,1,13,1,259,NULL,'混凝土C20的配合比为1:2.2:4.4:0.58（水泥：砂：石：水），已知砂、石含水率分别为：3%，1%。那么一袋水泥50kg拌制混凝土的加水量为（）。','A.24.5kg|B.25.3kg|C.23.5kg|D.25.5kg','B',NULL,NULL,NULL,NULL,'',37,'0000-00-00 00:00:00',NULL,NULL),(371,1,1,13,1,259,NULL,'欲设计C30普通混凝土，其试配强度为（）。','A.21.8MPa|B.38.2MPa|C.30.0MPa|D.40.0MPa','B',NULL,NULL,NULL,NULL,'',38,'0000-00-00 00:00:00',NULL,NULL),(372,1,1,13,1,259,NULL,'混凝土表观密度为2400kg/m3，水泥用量300kg/m3，水胶比0.60，砂率35%，每立方米混凝土中含石（）kg。','A.1366|B.1429|C.1248|D.1294','C',NULL,NULL,NULL,NULL,'',39,'0000-00-00 00:00:00',NULL,NULL),(373,1,1,13,1,259,NULL,'已知混凝土的设计配合比为mc:ms:mg=343:625:1250,W/B=0.54；测得施工现场砂含水率为4%，石含水率为2%，则施工配合比中的石用量为（）。','A.1200|B.1225|C.1275|D.1300','C',NULL,NULL,NULL,NULL,'',40,'0000-00-00 00:00:00',NULL,NULL),(374,1,2,13,1,259,NULL,'进行混凝土配合比设计过程中，需要考虑混凝土的（）性能要求。','A.力学性能|B.拌合物性能|C.长期性能|D.耐久性能|E.只考虑强度','ABCD',NULL,NULL,NULL,NULL,'',1,'0000-00-00 00:00:00',NULL,NULL),(375,1,2,13,1,259,NULL,'影响合理砂率大小的因素很多，主要有（）。','A.水泥强度等级|B.石子级配|C.砂的细度模数|D.水胶比|E.水泥强度','BC',NULL,NULL,NULL,NULL,'',2,'0000-00-00 00:00:00',NULL,NULL),(376,1,2,13,1,259,NULL,'现场浇筑混凝土时，施工人员随意向新拌混凝土中加水，关于这一现象说法正确的是（）。','A.混凝土配合比确定后，不能随意更改，故这种做法是错误的|B.向新拌混凝土中加水不会对混凝土的性能造成影响|C.向新拌混凝土中加水使水胶比发生了改变|D.这种做法是禁止的，会导致混凝土的强度、耐久性降低|E.不影响强度','ACD',NULL,NULL,NULL,NULL,'',3,'0000-00-00 00:00:00',NULL,NULL),(377,1,2,13,1,259,NULL,'普通混凝土配合比设计中的三个基本参数为（）。','A.砂率|B.单位水泥用量|C.浆集比|D.水胶比|E.强度','ABD',NULL,NULL,NULL,NULL,'',4,'0000-00-00 00:00:00',NULL,NULL),(378,1,2,13,1,259,NULL,'混凝土拌合物和易性的好坏，不仅直接影响工人浇筑混凝土的效率，而且会影响（）。','A.混凝土硬化后的强度|B.混凝土耐久性|C.混凝土密实度|D.混凝土的抗冻性|E.均不影响','ABCD',NULL,NULL,NULL,NULL,'',5,'0000-00-00 00:00:00',NULL,NULL),(379,1,2,13,1,259,NULL,'依据资料设计混凝土配合比的步骤是（）。','A.计算混凝土的试配强度|B.计算水灰比和选用单位水量|C.确定养护条件、方式|D.选用合理砂率，确定砂石单位用量|E.加水','ABD',NULL,NULL,NULL,NULL,'',6,'0000-00-00 00:00:00',NULL,NULL),(380,1,2,13,1,259,NULL,'混凝土配合比设计的三个主要参数为（）。','A.水胶比|B.砂率|C.水泥用量|D.单位涌水量|E.坍落度','ABD',NULL,NULL,NULL,NULL,'',7,'0000-00-00 00:00:00',NULL,NULL),(381,1,2,13,1,259,NULL,'在混凝土配合比设计时，水胶比应满足（）。','A.和易性要求|B.强度要求|C.耐久性要求|D.经济性要求|E.只要满足强度','ABC',NULL,NULL,NULL,NULL,'',8,'0000-00-00 00:00:00',NULL,NULL),(382,1,2,13,1,259,NULL,'设计混凝土配合比的基本要求（）。','A.满足混凝土设计强度等级|B.满足现场的水泥强度等级|C.满足施工要求|D.尽量节约水泥及降低混凝土成本|E.只要考虑强度','ACD',NULL,NULL,NULL,NULL,'',9,'0000-00-00 00:00:00',NULL,NULL),(383,1,2,13,1,259,NULL,'普通混凝土配合比按体积法计算的理论是，混凝土的体积等于（）体积之和。','A.砂石|B.空气|C.胶凝材料|D.水|E.水胶比','ABCD',NULL,NULL,NULL,NULL,'',10,'0000-00-00 00:00:00',NULL,NULL),(384,1,3,13,1,259,NULL,'为保证混凝土的耐久性，混凝土配比设计时有最大水胶比和最小水泥用量两方面的限制。（）','A.正确|B.错误','A',NULL,NULL,NULL,NULL,'',1,'0000-00-00 00:00:00',NULL,NULL),(385,1,3,13,1,259,NULL,'测定新拌混凝土和易性时，当流动性比所要求的较大，且黏聚性、保水性也差，应当采取保持水胶比不变，适当增大砂率的措施。（）','A.正确|B.错误','A',NULL,NULL,NULL,NULL,'',2,'0000-00-00 00:00:00',NULL,NULL),(386,1,3,13,1,259,NULL,'现有一个大体积混凝土工程，选择粉煤灰水泥最合适。（）','A.正确|B.错误','A',NULL,NULL,NULL,NULL,'',3,'0000-00-00 00:00:00',NULL,NULL),(387,1,3,13,1,259,NULL,'在设计混凝土配合比时，配置强度要比设计要求的强度等级高些，提高幅度的多少，取决于强度保证率和施工水平。（）','A.正确|B.错误','A',NULL,NULL,NULL,NULL,'',4,'0000-00-00 00:00:00',NULL,NULL),(388,1,3,13,1,259,NULL,'试配混凝土，经计算砂石总重量1880kg，选用砂率30%，则石子用量为1016kg。（）','A.正确|B.错误','B',NULL,NULL,NULL,NULL,'',5,'0000-00-00 00:00:00',NULL,NULL),(389,1,3,13,1,259,NULL,'泵送剂基准混凝土配合比按《普通混凝土配合比设计规程》JGJ55-2011进行设计，受检混凝土与基准混凝土的水泥、砂、石用量相同。（）','A.正确|B.错误','A',NULL,NULL,NULL,NULL,'',6,'0000-00-00 00:00:00',NULL,NULL),(390,1,3,13,1,259,NULL,'初步配合比是既满足强度要求又满足工作性要求的配合比设计。（）','A.正确|B.错误','A',NULL,NULL,NULL,NULL,'',7,'0000-00-00 00:00:00',NULL,NULL),(391,1,3,13,1,259,NULL,'混凝土配比设计时，最佳砂率是依据水胶比、石子种类和最大粒径确定的。（）','A.正确|B.错误','A',NULL,NULL,NULL,NULL,'',8,'0000-00-00 00:00:00',NULL,NULL),(392,1,3,13,1,259,NULL,'为保证混凝土的强度，混凝土配合比设计时有最小水胶比和最大水泥用量两方面的限制。（）','A.正确|B.错误','B',NULL,NULL,NULL,NULL,'',9,'0000-00-00 00:00:00',NULL,NULL),(393,1,3,13,1,259,NULL,'在混凝土配合比设计过程当中，施工要求的坍落度主要用于确定混凝土的早期强度。（）','A.正确|B.错误','B',NULL,NULL,NULL,NULL,'',10,'0000-00-00 00:00:00',NULL,NULL),(394,1,3,13,1,259,NULL,'现浇钢筋混凝土梁式楼梯，混凝土C20，楼梯截面最小尺寸为150mm，钢筋最小净间距29mm，粒径为5~20mm的卵石较为合适。（）','A.正确|B.错误','B',NULL,NULL,NULL,NULL,'',11,'0000-00-00 00:00:00',NULL,NULL),(395,1,3,13,1,259,NULL,'混凝土配合比常用的表示方法只有一种。（）','A.正确|B.错误','B',NULL,NULL,NULL,NULL,'',12,'0000-00-00 00:00:00',NULL,NULL),(396,1,3,13,1,259,NULL,'混凝土C20的配合比为1:2.2:4.4:0.58（水泥：砂：石：水），已知砂、石含水率分别为：3%，1%。那么一袋水泥50kg拌制混凝土的加水量为23.5kg。（）','A.正确|B.错误','A',NULL,NULL,NULL,NULL,'',13,'0000-00-00 00:00:00',NULL,NULL),(397,1,3,13,1,259,NULL,'某工程的混凝土变异系数为10%，平均强度为23MPa，设计强度等级C20，该工程混凝土的标准差为2.3MPa。（）','A.正确|B.错误','A',NULL,NULL,NULL,NULL,'',14,'0000-00-00 00:00:00',NULL,NULL),(398,1,3,13,1,259,NULL,'混凝土质量配合比为水泥：砂：碎石=1:2.13:4.31，W/B=0.58，水泥用量为310kg/m3,1m3混凝土中含石1336kg。（）','A.正确|B.错误','A',NULL,NULL,NULL,NULL,'',15,'0000-00-00 00:00:00',NULL,NULL),(399,1,3,13,1,259,NULL,'为保证耐久性，一般结构的钢筋混凝土水泥用量（kg/m3）不宜小于200。（）','A.正确|B.错误','B',NULL,NULL,NULL,NULL,'',16,'0000-00-00 00:00:00',NULL,NULL),(400,1,4,13,1,259,'某工地用混凝土，经试配调整后，得到和易性合格的材料用量为：水泥3.20kg，水1.85kg，砂6.30kg，石子12.65kg，实测拌合物的表观密度2450kg/m3。那么，','试配混凝土用原材料总重为（）|混凝土的水胶比为（）|混凝土砂率是（）|按混凝土拌合物的表观密度2450kg/m3计算，单方混凝土配制时所需的砂用量为（）|基准配合比经强度检验符合要求，现测得工地用石子含水率为2.5%，则配制1m3混凝土时实际所需石子的用量为（）','A.5.05kg|B.9.50kg|C.18.95kg|D.24.00kg}A.0.56|B.0.58|C.0.57|D.0.60}A.0.30|B.0.33|C.0.35|D.0.38}A.584kg|B.678kg|C.634kg|D.1291kg}A.1323kg|B.1182kg|C.1290kg|D.1268kg','D}B}B}C}A',NULL,NULL,NULL,NULL,'',1,'0000-00-00 00:00:00',NULL,NULL),(401,1,4,13,1,259,'根据以下所给条件计算配合比：普通硅酸盐水泥（P·O）42.5，砂率Sp为37%，用水量为190kg/m3，细骨料含水率为3.1%，粗骨料含水率为0.6%，工地需配置强度等级为C35的混凝土，则：','混凝土的实际配制强度为（）|确定混凝土的水胶比为（）（计算过程中αa取0.53，αb取0.2）|单方混凝土中水泥用量为（）|单方混凝土中细骨料用量为（）|单方混凝土中粗骨料用量为（）','A.35.00MPa|B.41.80MPa|C.43.22MPa|D.48.00MPa}A.0.40|B.0.44|C.0.48|D.0.52}A.340.4kg|B.365.4kg|C.372.3kg|D.412.0kg}A.612.5kg|B.672.5kg|C.682.5kg|D.695.5kg}A.1133.1kg|B.1148.1kg|C.1162.1kg|D.1212.1kg','C}D}B}C}C',NULL,NULL,NULL,NULL,'',2,'0000-00-00 00:00:00',NULL,NULL),(402,1,4,13,1,259,'试用体积法设计C35混凝土配合比，设计要求：坍落度50~70mm，砂率37%，配制混凝土不选用引气剂或引气型外加剂；已知条件：水泥（P·O）42.5（比重3.15）、中粗砂（比重2.65）、碎石（粒径10.0~31.5mm比重2.67），单方用水量取180kg/m3。求出：','混凝土配制强度为（）|计算混凝土的水胶比W/B，得（）（计算过程中αa取0.53，αb取0.2）|选择混凝土的用水量，计算水泥用量为（）|计算单方混凝土所需砂的用量（）|计算单方混凝土所需石子用量（）','A.35.00MPa|B.41.80MPa|C.43.22MPa|D.48.00MPa}A.0.40|B.0.44|C.0.48|D.0.52}A.346.2kg|B.365.4kg|C.372.3kg|D.412.0kg}A.612.5kg|B.672.5kg|C.689.5kg|D.695.5kg}A.1133.1kg|B.1148.1kg|C.1162.1kg|D.1174.0kg','C}D}A}C}D',NULL,NULL,NULL,NULL,'',3,'0000-00-00 00:00:00',NULL,NULL),(403,1,1,13,1,260,NULL,'钢筋是指（）用和预应力钢筋混凝土用钢材。','A.弹性|B.砂石|C.钢筋混凝土|D.水泥','C',NULL,NULL,NULL,NULL,'',1,'0000-00-00 00:00:00',NULL,NULL),(404,1,1,13,1,260,NULL,'钢筋是指钢筋混凝土用和（）用钢材。','A.砂石|B.预应力钢筋混凝土|C.混凝土|D.水泥','B',NULL,NULL,NULL,NULL,'',2,'0000-00-00 00:00:00',NULL,NULL),(405,1,1,13,1,260,NULL,'各种化学成分含量的多少，对钢筋（）和可焊性的影响极大。','A.弹性|B.机械性能|C.化学性能|D.塑性','B',NULL,NULL,NULL,NULL,'',3,'0000-00-00 00:00:00',NULL,NULL),(406,1,1,13,1,260,NULL,'一般建筑钢筋在正常情况下不作（）检验。','A.弹性|B.机械性能|C.化学成分|D.塑性','C',NULL,NULL,NULL,NULL,'',4,'0000-00-00 00:00:00',NULL,NULL),(407,1,1,13,1,260,NULL,'钢筋中主要的五种化学成分是指（）、锰、硅、硫、磷。','A.碳|B.酸|C.碱|D.铜','A',NULL,NULL,NULL,NULL,'',5,'0000-00-00 00:00:00',NULL,NULL),(408,1,1,13,1,260,NULL,'磷使钢容易发生（）。','A.热断|B.冷脆|C.断裂|D.热脆','B',NULL,NULL,NULL,NULL,'',6,'0000-00-00 00:00:00',NULL,NULL),(409,1,1,13,1,260,NULL,'钢筋中的磷在（）℃时，可使钢材或焊缝出现冷裂纹。','A.100|B.150|C.200|D.300','C',NULL,NULL,NULL,NULL,'',7,'0000-00-00 00:00:00',NULL,NULL),(410,1,1,13,1,260,NULL,'钢筋可以承受（），增加机械强度。','A.剪力|B.拉力|C.摩擦力|D.塑性','B',NULL,NULL,NULL,NULL,'',8,'0000-00-00 00:00:00',NULL,NULL),(411,1,1,13,1,260,NULL,'钢筋用它的（）作为设计强度，一般在设计规范中给出了设计值。','A.屈服强度|B.抗拉强度|C.弹性模量|D.冷弯','A',NULL,NULL,NULL,NULL,'',9,'0000-00-00 00:00:00',NULL,NULL),(412,1,1,13,1,260,NULL,'钢筋中含碳量增大，钢的（）和韧性则下降。','A.塑性|B.化学性能|C.硬度|D.熔点','A',NULL,NULL,NULL,NULL,'',10,'0000-00-00 00:00:00',NULL,NULL),(413,1,1,13,1,260,NULL,'钢筋中含碳量增大，钢的（）也随之变差。','A.焊接性|B.强度|C.硬度|D.熔点','A',NULL,NULL,NULL,NULL,'',11,'0000-00-00 00:00:00',NULL,NULL),(414,1,1,13,1,260,NULL,'钢筋混凝土结构用热轧带肋钢筋HRBF500的含碳量应为（）。','A.>0.25%|B.0.25%~0.7%|C.≤0.25%|D.＜0.25%','C',NULL,NULL,NULL,NULL,'',12,'0000-00-00 00:00:00',NULL,NULL),(415,1,1,13,1,260,NULL,'钢材按照（）一般可分为软钢和硬钢。','A.可焊性|B.化学性能|C.机械性嫩|D.熔点','C',NULL,NULL,NULL,NULL,'',13,'0000-00-00 00:00:00',NULL,NULL),(416,1,1,13,1,260,NULL,'钢材根据它们是否存在屈服点可划分为软钢和（）。','A.软钢|B.合金钢|C.碳素钢|D.硬钢','D',NULL,NULL,NULL,NULL,'',14,'0000-00-00 00:00:00',NULL,NULL),(417,1,1,13,1,260,NULL,'由于硬钢无明显屈服点，塑性较软钢（），所以其控制应力系数较软钢低。','A.好|B.相同|C.差|D.高','C',NULL,NULL,NULL,NULL,'',15,'0000-00-00 00:00:00',NULL,NULL),(418,1,1,13,1,260,NULL,'软钢有明显的（），破坏前有明显的预兆。','A.屈服点|B.抗压强度|C.抗拉强度|D.硬度','A',NULL,NULL,NULL,NULL,'',16,'0000-00-00 00:00:00',NULL,NULL),(419,1,1,13,1,260,NULL,'光圆钢筋是指横截面为圆形，且表面为光滑的钢筋混凝土配筋用钢材，此类钢筋属Ⅰ级钢筋，钢筋的公称直径范围为（）。','A.6~18mm|B.8~18mm|C.8~22mm|D.6~22mm','D',NULL,NULL,NULL,NULL,'',17,'0000-00-00 00:00:00',NULL,NULL),(420,1,1,13,1,260,NULL,'热轧钢筋是钢厂用（）和普通低合金钢制成。','A.普通低碳钢|B.中碳钢|C.高碳钢|D.合金钢','A',NULL,NULL,NULL,NULL,'',18,'0000-00-00 00:00:00',NULL,NULL),(421,1,1,13,1,260,NULL,'热轧光圆钢筋是指横截面为圆形，且表面为光滑的钢筋混凝土配筋用钢材，它的牌号为（）。','A.HRB|B.RRB|C.HPB|D.HPS','C',NULL,NULL,NULL,NULL,'',19,'0000-00-00 00:00:00',NULL,NULL),(422,1,1,13,1,260,NULL,'余热处理钢筋也是带肋钢筋，目前仅有（）。','A.月牙钢筋|B.光圆钢筋|C.钢绞线|D.钢丝','A',NULL,NULL,NULL,NULL,'',20,'0000-00-00 00:00:00',NULL,NULL),(423,1,1,13,1,260,NULL,'中、高强钢丝和钢绞丝均无明显（）和屈服台阶，也称为硬钢，其抗拉强度很高。','A.屈服点|B.抗拉强度|C.强度|D.断裂','A',NULL,NULL,NULL,NULL,'',21,'0000-00-00 00:00:00',NULL,NULL),(424,1,1,13,1,260,NULL,'硬钢拉伸试验中对应于残余应变为（）的应力，称之为无明显屈服点钢筋的条件屈服点。','A.0.3%|B.0.2%|C.0.25%|D.0.4%','B',NULL,NULL,NULL,NULL,'',22,'0000-00-00 00:00:00',NULL,NULL),(425,1,1,13,1,260,NULL,'冷钢可提高钢筋的（），使钢筋伸长，起到节约钢材、调直钢筋、自动除锈、检查对焊焊接质量的作用。','A.抗压强度|B.抗拉强度|C.抗剪强度|D.屈服强度','D',NULL,NULL,NULL,NULL,'',23,'0000-00-00 00:00:00',NULL,NULL),(426,1,1,13,1,260,NULL,'冷钢可使钢筋（），起到节约钢材、调直钢筋、自动除锈、检查对焊焊接质量的作用。','A.伸长|B.抗拉强度|C.缩短|D.屈服强度','A',NULL,NULL,NULL,NULL,'',24,'0000-00-00 00:00:00',NULL,NULL),(427,1,1,13,1,260,NULL,'经冷加工后的钢筋在（）提高的同时，延伸率显著降低。','A.弹性模量|B.强度|C.熔点|D.硬度','B',NULL,NULL,NULL,NULL,'',25,'0000-00-00 00:00:00',NULL,NULL),(428,1,1,13,1,260,NULL,'在寒冷地区，对钢筋的（）也有一定要求。','A.抗剪强度|B.低温性能|C.硬度|D.耐磨性','B',NULL,NULL,NULL,NULL,'',26,'0000-00-00 00:00:00',NULL,NULL),(429,1,1,13,1,260,NULL,'热轧带肋钢筋是经热轧成型并经（）的成品钢筋。','A.自然冷却|B.低温冷却|C.恒温|D.高温','A',NULL,NULL,NULL,NULL,'',27,'0000-00-00 00:00:00',NULL,NULL),(430,1,1,13,1,260,NULL,'中、高强钢丝和钢绞线的强度标准值取具有（）以上保证率的抗拉强度值。','A.80%|B.90%|C.95%|D.98%','C',NULL,NULL,NULL,NULL,'',28,'0000-00-00 00:00:00',NULL,NULL),(431,1,2,13,1,260,NULL,'钢筋是指钢筋混凝土用和预应力钢筋混凝土用钢材，其横截面为圆形，有时为带有圆角的方形。包括（）等。','A.光圆钢筋|B.带肋钢筋|C.扭转钢筋|D.拉伸钢筋|E.抗剪钢筋','ABC',NULL,NULL,NULL,NULL,'',1,'0000-00-00 00:00:00',NULL,NULL),(432,1,2,13,1,260,NULL,'钢筋种类很多，通常按（）等进行分类。','A.物理性能|B.化学成分|C.机械性能|D.生产工艺|E.生产流程','BCD',NULL,NULL,NULL,NULL,'',2,'0000-00-00 00:00:00',NULL,NULL),(433,1,2,13,1,260,NULL,'碳素钢按碳量多少，又分为（）。','A.低碳钢钢筋|B.钢丝|C.中碳钢钢筋|D.高碳钢钢筋|E.钢绞线','ACD',NULL,NULL,NULL,NULL,'',3,'0000-00-00 00:00:00',NULL,NULL),(434,1,2,13,1,260,NULL,'钢中含碳量增加渗碳体量就大，钢的（）也提高。','A.硬度|B.强度|C.塑性|D.焊接性|E.材性','AB',NULL,NULL,NULL,NULL,'',4,'0000-00-00 00:00:00',NULL,NULL),(435,1,2,13,1,260,NULL,'硬钢和软钢根据它们是否存在屈服点划分的，以下（）属于硬钢。','A.低碳钢钢筋|B.钢丝|C.钢绞线|D.中碳钢钢筋|E.合金钢','BC',NULL,NULL,NULL,NULL,'',5,'0000-00-00 00:00:00',NULL,NULL),(436,1,2,13,1,260,NULL,'硬钢的（），从加载到突然拉断，基本上不存在屈服阶段，属脆性破坏。','A.塑性高|B.强度高|C.塑性差|D.脆性大|E.脆性小','BCD',NULL,NULL,NULL,NULL,'',6,'0000-00-00 00:00:00',NULL,NULL),(437,1,2,13,1,260,NULL,'钢筋混凝土用钢筋按生产工艺及轧制外形一般可分为（）。','A.热轧带肋钢筋|B.余热处理钢筋|C.热轧光圆钢筋|D.普通低碳钢热轧圆盘条|E.碳素钢','ABCD',NULL,NULL,NULL,NULL,'',7,'0000-00-00 00:00:00',NULL,NULL),(438,1,2,13,1,260,NULL,'热轧光圆钢筋是指横截面为圆形，且表面为光滑的钢筋混凝土配筋用钢材，以下（）属于热轧光圆钢筋。','A.HPB235|B.HRB235|C.RRB235|D.HPB300|E.HPB335','AD',NULL,NULL,NULL,NULL,'',8,'0000-00-00 00:00:00',NULL,NULL),(439,1,2,13,1,260,NULL,'无明显屈服点和屈服台阶的钢筋称为硬钢，如（）。','A.低碳钢|B.高强钢丝|C.钢绞线|D.热轧带肋钢筋|E.热轧光圆钢筋','BC',NULL,NULL,NULL,NULL,'',9,'0000-00-00 00:00:00',NULL,NULL),(440,1,2,13,1,260,NULL,'中、高强钢丝和钢绞线均无明显（），其抗拉强度很高。','A.屈服点|B.屈服台阶|C.强度|D.断裂|E.抗拉强度','AB',NULL,NULL,NULL,NULL,'',10,'0000-00-00 00:00:00',NULL,NULL),(441,1,2,13,1,260,NULL,'冷加工钢筋常用的加工工艺有（）四种。','A.冷拉|B.冷弯|C.冷拔|D.冷轧|E.冷轧扭','ACDE',NULL,NULL,NULL,NULL,'',11,'0000-00-00 00:00:00',NULL,NULL),(442,1,2,13,1,260,NULL,'钢筋的（）等力学性能特征值作为交货检验的保证值。','A.屈服强度|B.断后伸长率|C.热熔试验|D.弹性模量|E.横截面','AB',NULL,NULL,NULL,NULL,'',12,'0000-00-00 00:00:00',NULL,NULL),(443,1,2,13,1,260,NULL,'钢筋经过几次冷拔，钢筋强度比原来有很大（），但（）则显著降低。','A.提高|B.降低|C.不变|D.塑性|E.弹性','AD',NULL,NULL,NULL,NULL,'',13,'0000-00-00 00:00:00',NULL,NULL),(444,1,2,13,1,260,NULL,'钢筋中主要的五种化学成分中哪几种是有害的（）。','A.盐|B.碱|C.硫|D.磷|E.酸','CD',NULL,NULL,NULL,NULL,'',14,'0000-00-00 00:00:00',NULL,NULL),(445,1,2,13,1,260,NULL,'钢筋中的硫是一种有害物质，它在钢中使钢的（）下降。','A.脆性|B.塑性|C.韧性|D.热脆|E.强度','BC',NULL,NULL,NULL,NULL,'',15,'0000-00-00 00:00:00',NULL,NULL),(446,1,2,13,1,260,NULL,'作为脱氧剂加入钢中的硅，可使钢的（）和（）增加。','A.脆性|B.强度|C.韧性|D.硬度|E.酸性','BD',NULL,NULL,NULL,NULL,'',16,'0000-00-00 00:00:00',NULL,NULL),(447,1,2,13,1,260,NULL,'钢材按照机械性能一般可分为（）和（）。','A.软钢|B.硬钢|C.合金钢|D.碳素钢|E.钢绞线','AB',NULL,NULL,NULL,NULL,'',17,'0000-00-00 00:00:00',NULL,NULL),(448,1,3,13,1,260,NULL,'碳素钢中除含有铁和碳元素外，还有少量在冶炼过程中带有的硅、锰、磷、硫等杂质。（）','A.正确|B.错误','A',NULL,NULL,NULL,NULL,'',1,'0000-00-00 00:00:00',NULL,NULL),(449,1,3,13,1,260,NULL,'碳素钢按碳量多少，分为低碳钢钢筋和高碳钢钢筋。（）','A.正确|B.错误','B',NULL,NULL,NULL,NULL,'',2,'0000-00-00 00:00:00',NULL,NULL),(450,1,3,13,1,260,NULL,'各种化学成分含量的多少，对钢筋机械性能和可焊性的影响不大。（）','A.正确|B.错误','B',NULL,NULL,NULL,NULL,'',3,'0000-00-00 00:00:00',NULL,NULL),(451,1,3,13,1,260,NULL,'钢材按照机械性能一般可分为软钢和硬钢。（）','A.正确|B.错误','A',NULL,NULL,NULL,NULL,'',4,'0000-00-00 00:00:00',NULL,NULL),(452,1,3,13,1,260,NULL,'钢材根据它们是否存在屈服点划分为软钢和硬钢，由于硬钢有明显屈服点，塑性较软钢小。（）','A.正确|B.错误','B',NULL,NULL,NULL,NULL,'',5,'0000-00-00 00:00:00',NULL,NULL),(453,1,3,13,1,260,NULL,'软钢破坏前有明显的预兆，有较大的变形，属脆性破坏。（）','A.正确|B.错误','B',NULL,NULL,NULL,NULL,'',6,'0000-00-00 00:00:00',NULL,NULL),(454,1,3,13,1,260,NULL,'硬钢强度高，从加载到突然拉断，基本上不存在屈服阶段，属塑性破坏。（）','A.正确|B.错误','B',NULL,NULL,NULL,NULL,'',7,'0000-00-00 00:00:00',NULL,NULL),(455,1,3,13,1,260,NULL,'钢筋混凝土结构用热轧带肋钢筋HRB335的含碳量在0.25%~0.7%之间。（）','A.正确|B.错误','B',NULL,NULL,NULL,NULL,'',8,'0000-00-00 00:00:00',NULL,NULL),(456,1,3,13,1,260,NULL,'余热处理钢筋是指将钢材热轧成型后立即穿水，进行表面冷却控制，然后利用芯部余热自身完成回火处理所得的成品钢筋，它也是带肋钢筋，目前仅有月牙钢筋，其钢筋表面及截面形状与热轧带肋钢筋相同，余热处理带肋钢筋的牌号为RRB。（）','A.正确|B.错误','A',NULL,NULL,NULL,NULL,'',9,'0000-00-00 00:00:00',NULL,NULL),(457,1,3,13,1,260,NULL,'热轧光圆钢筋是指横截面为圆形，且表面为光滑的钢筋混凝土配筋用钢材。（）','A.正确|B.错误','A',NULL,NULL,NULL,NULL,'',10,'0000-00-00 00:00:00',NULL,NULL),(458,1,3,13,1,260,NULL,'钢筋的牌号中HPB指热轧光圆钢筋，RRB指余热处理钢筋。（）','A.正确|B.错误','A',NULL,NULL,NULL,NULL,'',11,'0000-00-00 00:00:00',NULL,NULL),(459,1,3,13,1,260,NULL,'中高强钢丝和钢绞线均无明显的屈服点和屈服台阶，也称为硬钢。（）','A.正确|B.错误','A',NULL,NULL,NULL,NULL,'',12,'0000-00-00 00:00:00',NULL,NULL),(460,1,4,13,1,260,'工地中新进场一批钢筋，牌号为HRB，经测量内径为19.3mm，表面带有两条纵肋，化学分析结果含碳量为0.23%，机械性能试验结果：屈服强度为370MPa，抗拉强度为520MPa,试回答以下问题：','依据机械性能试验该批钢筋为（）|依据化学分析结果该批钢筋为（）|依据轧制外形和牌号该批钢筋为（）|判定该钢筋直径。（）','A.合金钢|B.软钢|C.钢丝|D.硬钢}A.低碳钢|B.高碳钢|C.中碳钢|D.合金钢}A.热轧带肋钢筋|B.热轧光圆钢筋|C.光圆钢筋|D.余热处理钢筋}A.22mm|B.20mm|C.21mm|D.19MM','B}A}B}B',NULL,NULL,NULL,NULL,'',1,'0000-00-00 00:00:00',NULL,NULL),(461,1,1,13,1,260,NULL,'钢筋主要机械性能试验中由静力拉伸试验得出（）曲线。','A.应力|B.应变|C.应力-应变|D.时间','C',NULL,NULL,NULL,NULL,'',1,'0000-00-00 00:00:00',NULL,NULL),(462,1,1,13,1,260,NULL,'低碳钢筋的静力拉伸试验是由（）阶段组成的。','A.4个|B.3个|C.2个|D.5个','A',NULL,NULL,NULL,NULL,'',2,'0000-00-00 00:00:00',NULL,NULL),(463,1,1,13,1,260,NULL,'低碳钢筋的静力拉伸试验是由四个阶段组成的（见图），从图中可以看出，在OA范围内，拉力增加，（）也增加。','A.变形|B.硬度|C.化学成分|D.熔点','A',NULL,'试验员P43图',NULL,NULL,'',3,'0000-00-00 00:00:00',NULL,NULL),(464,1,1,13,1,260,NULL,'材料的弹性是指在卸去（）后能恢复原状的性质。','A.变形|B.外力|C.重量|D.压力','B',NULL,NULL,NULL,NULL,'',4,'0000-00-00 00:00:00',NULL,NULL),(465,1,1,13,1,260,NULL,'低碳钢筋拉伸试验中，因弹性阶段的应力与应变成正比，所以也称为（）。','A.线性阶段|B.塑性极限|C.比例极限|D.弹性极限','C',NULL,NULL,NULL,NULL,'',5,'0000-00-00 00:00:00',NULL,NULL),(466,1,1,13,1,260,NULL,'低碳钢筋拉伸试验在弹性阶段，随着荷载增加，试件的应力和应变（）增加。','A.成反比例|B.成正比例|C.没有规律|D.非比例','B',NULL,NULL,NULL,NULL,'',6,'0000-00-00 00:00:00',NULL,NULL),(467,1,1,13,1,260,NULL,'低碳钢筋拉伸试探中，因弹性阶段的应力与应变成正比，符合（）。','A.虎克定律|B.牛顿定律|C.阿基米德定律|D.牛顿第二定律','A',NULL,NULL,NULL,NULL,'',7,'0000-00-00 00:00:00',NULL,NULL),(468,1,1,13,1,260,NULL,'硬钢拉伸试验中，抗拉强度高，塑性变形（）。','A.很小|B.很大|C.不变|D.不发生任何变化','A',NULL,NULL,NULL,NULL,'',8,'0000-00-00 00:00:00',NULL,NULL),(469,1,1,13,1,260,NULL,'低碳钢筋拉伸试验中，当应力超过（）后，应力与应变不再成比例增加。','A.抗拉强度|B.抗剪强度|C.比例极限|D.非比例极限','C',NULL,NULL,NULL,NULL,'',9,'0000-00-00 00:00:00',NULL,NULL),(470,1,1,13,1,260,NULL,'低碳钢筋静力拉伸试验在屈服阶段，当应力在很小范围内波动时，应变急剧（）。','A.减少|B.变少|C.增长|D.减弱','C',NULL,NULL,NULL,NULL,'',10,'0000-00-00 00:00:00',NULL,NULL),(471,1,1,13,1,260,NULL,'低碳钢筋静力拉伸试验当应力超过比例极限后，应力在很小的范围内波动，而应变急剧的增长，这种现象好像钢筋对于外力屈服了一样，所以，这一阶段叫作（）。','A.弹性阶段|B.屈服阶段|C.强化阶段|D.颈缩阶段','B',NULL,NULL,NULL,NULL,'',11,'0000-00-00 00:00:00',NULL,NULL),(472,1,1,13,1,260,NULL,'低碳钢筋静力拉伸试验在屈服阶段的应力最低值称为（）。','A.屈服强度|B.抗压强度|C.抗拉强度|D.断裂强度','A',NULL,NULL,NULL,NULL,'',12,'0000-00-00 00:00:00',NULL,NULL),(473,1,1,13,1,260,NULL,'低碳钢筋静力拉伸试验在屈服阶段，与锯齿线最高点B上相对应的应力称为（）。','A.屈服强度|B.屈服上限|C.屈服下限|D.屈服点','B',NULL,NULL,NULL,NULL,'',13,'0000-00-00 00:00:00',NULL,NULL),(474,1,1,13,1,260,NULL,'工程上取低碳钢筋净力拉伸试验屈服下限作为计算（），叫屈服强度。','A.密度指标|B.性能指标|C.强度指标|D.屈服点','C',NULL,NULL,NULL,NULL,'',14,'0000-00-00 00:00:00',NULL,NULL),(475,1,1,13,1,260,NULL,'钢筋的屈服强度是（）中钢材强度取值的依据。','A.建筑设计|B.结构设计|C.平面设计|D.勘察设计','B',NULL,NULL,NULL,NULL,'',15,'0000-00-00 00:00:00',NULL,NULL),(476,1,1,13,1,260,NULL,'低碳钢筋拉伸试验过了第二阶段即屈服阶段以后，钢筋内部组织发生了剧烈的变化，重新建立了平衡，钢筋抵抗外力的能力又有了很大的增加。应力与应变的关系表现为上升的曲线，这个阶段称为（）。','A.强化阶段|B.屈服阶段|C.弹性阶段|D.颈缩阶段','A',NULL,NULL,NULL,NULL,'',16,'0000-00-00 00:00:00',NULL,NULL),(477,1,1,13,1,260,NULL,'高碳钢在拉伸试验中没有明显的（）。','A.化学现象|B.屈服现象|C.收缩现象|D.断裂现象','B',NULL,NULL,NULL,NULL,'',17,'0000-00-00 00:00:00',NULL,NULL),(478,1,1,13,1,260,NULL,'低碳钢筋拉伸试验的强化阶段，钢材（）发生变化，重新建立了平衡，逐渐恢复了抵抗变形的能力。','A.内部组织|B.强度|C.应力|D.抗拉强度','A',NULL,NULL,NULL,NULL,'',18,'0000-00-00 00:00:00',NULL,NULL),(479,1,1,13,1,260,NULL,'低碳钢筋拉伸试验的颈缩阶段，试件的薄弱截面开始显著缩小，产生（）现象。','A.屈服|B.弹性|C.强化|D.颈缩','D',NULL,NULL,NULL,NULL,'',19,'0000-00-00 00:00:00',NULL,NULL),(480,1,1,13,1,260,NULL,'在钢材静力拉伸试验中，硬钢的特点是（）高，没有明显屈服点。','A.抗拉强度|B.伸长率|C.可塑性|D.颈缩性','A',NULL,NULL,NULL,NULL,'',20,'0000-00-00 00:00:00',NULL,NULL),(481,1,1,13,1,260,NULL,'钢筋主要机械性能的各项指标是通过静力拉伸试验和冷弯试验来获得的。由静力拉伸试验得出的应力-应变曲线，是描述钢筋在单项均匀受拉下工作特性的重要方式，静力拉伸试验是有四个阶段组成的（见图），其中CD是如下哪个阶段？（）','A.弹性阶段|B.屈服阶段|C.强化阶段|D.颈缩阶段','D',NULL,'试验员P44图',NULL,NULL,'',21,'0000-00-00 00:00:00',NULL,NULL),(482,1,1,13,1,260,NULL,'在低碳钢筋拉伸试验中，当钢筋应力超过屈服点后，拉力不增加而变形却（）。','A.不增加|B.不变|C.显著增加|D.显著减少','C',NULL,NULL,NULL,NULL,'',22,'0000-00-00 00:00:00',NULL,NULL),(483,1,1,13,1,260,NULL,'钢材的抗拉强度就是以钢筋被拉断前所能承担的（）值除以钢筋截面积所得的拉力值。','A.屈服力|B.惯性力|C.最大拉力|D.最大屈服力','C',NULL,NULL,NULL,NULL,'',23,'0000-00-00 00:00:00',NULL,NULL),(484,1,1,13,1,260,NULL,'钢筋的抗拉强度又称为（）。它是应力-应变曲线中最大的应力值。','A.屈服应力|B.极限强度|C.屈服强度|D.弹性强度','B',NULL,NULL,NULL,NULL,'',24,'0000-00-00 00:00:00',NULL,NULL),(485,1,1,13,1,260,NULL,'钢筋的抗拉强度虽然在强度计算中没有直接意义，但却是钢筋机械性能中必不可少的（）项目。','A.保证|B.安全|C.技术|D.设计','A',NULL,NULL,NULL,NULL,'',25,'0000-00-00 00:00:00',NULL,NULL),(486,1,1,13,1,260,NULL,'钢筋的抗拉强度是钢筋在承受（）的极限能力。','A.动力荷载|B.疲劳荷载|C.弹性模量|D.静力荷载','D',NULL,NULL,NULL,NULL,'',26,'0000-00-00 00:00:00',NULL,NULL),(487,1,1,13,1,260,NULL,'伸长率是应力-应变曲线中试件被拉断时的最大应变值，又称延伸率，它是衡量钢筋塑性的一个指标，与抗拉强度一样，也是钢筋（）中必不可少的保证项目。','A.化学性能|B.机械性能|C.抗拉性能|D.抗拔性能','B',NULL,NULL,NULL,NULL,'',27,'0000-00-00 00:00:00',NULL,NULL),(488,1,1,13,1,260,NULL,'伸长率A值越大，表明钢材（）越好。','A.刚性|B.弹性|C.塑性|D.柔性','C',NULL,NULL,NULL,NULL,'',28,'0000-00-00 00:00:00',NULL,NULL),(489,1,1,13,1,260,NULL,'冷弯性能是指钢筋在经冷加工（即常温下加工）产生（）时，对产生裂缝的抵抗能力。','A.弹性变形|B.塑性变形|C.机械变形|D.冷弯变形','B',NULL,NULL,NULL,NULL,'',29,'0000-00-00 00:00:00',NULL,NULL),(490,1,1,13,1,260,NULL,'伸长率与标距有关，对热轧钢筋的标距取试件直径的（）。','A.20d|B.10d|C.5d|D.1d','C',NULL,NULL,NULL,NULL,'',30,'0000-00-00 00:00:00',NULL,NULL),(491,1,2,13,1,260,NULL,'钢筋主要机械性能的各项指标是通过（）试验和（）试验来获得的。','A.抗剪|B.静力拉伸|C.冷弯|D.抗弯|E.抗压','BC',NULL,NULL,NULL,NULL,'',1,'0000-00-00 00:00:00',NULL,NULL),(492,1,2,13,1,260,NULL,'钢筋静力拉伸试验由（）四个阶段组成。','A.弹性阶段|B.屈服阶段|C.强化阶段|D.颈缩阶段|E.强度阶段','ABCD',NULL,NULL,NULL,NULL,'',2,'0000-00-00 00:00:00',NULL,NULL),(493,1,2,13,1,260,NULL,'低碳钢筋拉伸试验在弹性阶段，随着荷载（），试件的应力与应变成正比例（）。','A.增加|B.减小|C.增加|D.减小|E.不变','AC',NULL,NULL,NULL,NULL,'',3,'0000-00-00 00:00:00',NULL,NULL),(494,1,2,13,1,260,NULL,'低碳钢筋静力拉伸试验当应力超过比例极限后，应力在（）的范围内波动，而应变急剧地（）。','A.很大|B.很小|C.增长|D.减小|E.不变','BC',NULL,NULL,NULL,NULL,'',4,'0000-00-00 00:00:00',NULL,NULL),(495,1,2,13,1,260,NULL,'工程上取低碳钢筋静力拉伸试验屈服下限作为计算强度指标，叫（）或称（）。','A.屈服强度|B.抗拉强度|C.屈服点|D.流限|E.塑限','ACD',NULL,NULL,NULL,NULL,'',5,'0000-00-00 00:00:00',NULL,NULL),(496,1,2,13,1,260,NULL,'低碳钢筋静力拉伸试验在屈服阶段存在着两个屈服点即（）。','A.上屈服点|B.下屈服点|C.屈服点|D.强化点|E.断裂点','AB',NULL,NULL,NULL,NULL,'',6,'0000-00-00 00:00:00',NULL,NULL),(497,1,2,13,1,260,NULL,'低碳钢筋拉伸试验中强化阶段最高点相对应的应力就是钢筋的（）。','A.屈服强度|B.抗拉强度|C.极限强度|D.抗压强度|E.抗剪强度','BC',NULL,NULL,NULL,NULL,'',7,'0000-00-00 00:00:00',NULL,NULL),(498,1,2,13,1,260,NULL,'在钢材中，硬钢的特点是（）高，没有明显屈服阶段，试件破坏时突然断裂。','A.含碳量|B.抗拉强度|C.硬度|D.伸长率|E.塑性','ABC',NULL,NULL,NULL,NULL,'',8,'0000-00-00 00:00:00',NULL,NULL),(499,1,2,13,1,260,NULL,'在钢材中，软钢的特点是（），有明显屈服点，试件破坏时产生颈缩。','A.含碳量高|B.含碳量低|C.塑性好|D.伸长率大|E.可焊性好','BCDE',NULL,NULL,NULL,NULL,'',9,'0000-00-00 00:00:00',NULL,NULL),(500,1,2,13,1,260,NULL,'钢筋的机械性能通过试验来测定，钢筋这一性能的质量标准有（）等指标。','A.屈服点|B.含碳量|C.抗拉强度|D.伸长率|E.冷弯性能','ACDE',NULL,NULL,NULL,NULL,'',10,'0000-00-00 00:00:00',NULL,NULL),(501,1,2,13,1,260,NULL,'钢筋有（）过程中的缺陷，以及钢筋的化学成分含量的不稳定，常常反映到抗拉强度上。','A.拉伸|B.轧制|C.熔炼|D.试验|E.冷弯','BC',NULL,NULL,NULL,NULL,'',11,'0000-00-00 00:00:00',NULL,NULL),(502,1,2,13,1,260,NULL,'钢筋在生产过程中，当钢筋的含碳量（），轧制终止时温度（），抗拉强度就可能（）。','A.过低，过低|B.过高，过低|C.过高，过高|D.很高|E.很低','BD',NULL,NULL,NULL,NULL,'',12,'0000-00-00 00:00:00',NULL,NULL),(503,1,2,13,1,260,NULL,'钢筋伸长率的计算等于钢筋断裂后（）减去（），此值与原长的比值。','A.宽度|B.标距段长|C.标距原长|D.长度|E.厚度','BC',NULL,NULL,NULL,NULL,'',13,'0000-00-00 00:00:00',NULL,NULL),(504,1,2,13,1,260,NULL,'在钢筋冷弯试验中，常用的弯心直径有（）等。','A.1d|B.10d|C.3d|D.4d|E.5d','ACDE',NULL,NULL,NULL,NULL,'',14,'0000-00-00 00:00:00',NULL,NULL),(505,1,2,13,1,260,NULL,'热轧带肋钢筋的（）低于0.25%，有明显的（）。','A.含碳量|B.含硅量|C.弹性阶段|D.强化阶段|E.屈服阶段','AE',NULL,NULL,NULL,NULL,'',15,'0000-00-00 00:00:00',NULL,NULL),(506,1,2,13,1,260,NULL,'钢绞线的力学性能指标有（）。','A.含碳量|B.屈服强度|C.抗拉强度|D.断面收缩率|.屈服阶段','CD',NULL,NULL,NULL,NULL,'',16,'0000-00-00 00:00:00',NULL,NULL),(507,1,3,13,1,260,NULL,'钢筋静力拉伸试验得出的应力应变曲线，是描述钢筋在单向均匀受力下工作特性的重要方式。（）','A.正确|B.错误','A',NULL,NULL,NULL,NULL,'',1,'0000-00-00 00:00:00',NULL,NULL),(508,1,3,13,1,260,NULL,'钢筋主要机械性能的各项指标是通过静力拉伸试验和硬度试验来获得的。（）','A.正确|B.错误','B',NULL,NULL,NULL,NULL,'',2,'0000-00-00 00:00:00',NULL,NULL),(509,1,3,13,1,260,NULL,'钢筋拉伸试验中，当卸去拉力后材料能恢复原状，这一阶段叫作塑性阶段。（）','A.正确|B.错误','B',NULL,NULL,NULL,NULL,'',3,'0000-00-00 00:00:00',NULL,NULL),(510,1,3,13,1,260,NULL,'钢筋拉伸试验中，弹性阶段的盈利与应变成正比。（）','A.正确|B.错误','A',NULL,NULL,NULL,NULL,'',4,'0000-00-00 00:00:00',NULL,NULL),(511,1,3,13,1,260,NULL,'材料在卸去外力后能恢复原状的性质，叫做塑性。（）','A.正确|B.错误','B',NULL,NULL,NULL,NULL,'',5,'0000-00-00 00:00:00',NULL,NULL),(512,1,3,13,1,260,NULL,'当钢筋的应力超过屈服点后，拉力不增加而变形却显著增加，将产生较大的残余变形时，以这时的拉力值除以钢筋的截面积所得到的钢筋单位面积所承担的拉力值，就是屈服点。（）','A.正确|B.错误','A',NULL,NULL,NULL,NULL,'',6,'0000-00-00 00:00:00',NULL,NULL),(513,1,3,13,1,260,NULL,'低碳钢筋静力拉伸试验在强化阶段，应力与应变的关系表现为上升的曲线。（）','A.正确|B.错误','A',NULL,NULL,NULL,NULL,'',7,'0000-00-00 00:00:00',NULL,NULL),(514,1,3,13,1,260,NULL,'钢筋的抗拉强度不作为结构设计时强度取值。（）','A.正确|B.错误','A',NULL,NULL,NULL,NULL,'',8,'0000-00-00 00:00:00',NULL,NULL),(515,1,3,13,1,260,NULL,'钢材屈服强度和抗拉强度的比值叫屈强比。（）','A.正确|B.错误','A',NULL,NULL,NULL,NULL,'',9,'0000-00-00 00:00:00',NULL,NULL),(516,1,3,13,1,260,NULL,'在低碳钢筋拉伸试验中，当钢筋应力超过屈服点后，将产生较大的残余变形。（）','A.正确|B.错误','A',NULL,NULL,NULL,NULL,'',10,'0000-00-00 00:00:00',NULL,NULL),(517,1,3,13,1,260,NULL,'钢材的抗拉强度就是以钢筋被拉断前所能承担的最大拉力值除以钢筋直径。（）','A.正确|B.错误','B',NULL,NULL,NULL,NULL,'',11,'0000-00-00 00:00:00',NULL,NULL),(518,1,3,13,1,260,NULL,'钢筋的抗拉强度是应力-应变曲线中最大的应力值，虽然在强度计算中没有直接意义，但却是钢筋化学性能中必不可少的保证项目。（）','A.正确|B.错误','B',NULL,NULL,NULL,NULL,'',12,'0000-00-00 00:00:00',NULL,NULL),(519,1,3,13,1,260,NULL,'钢筋冷弯试验后，要检查钢筋试样有无裂缝、鳞落、断裂等现象，以鉴别其质量是否合乎要求，冷弯试验是一种较严格的检验，能揭示钢筋内部组织不均匀等缺陷。（）','A.正确|B.错误','B',NULL,NULL,NULL,NULL,'',13,'0000-00-00 00:00:00',NULL,NULL),(520,1,3,13,1,260,NULL,'伸长率是应力-应变曲线中试件被拉断时的最大应变值，又称延伸率。（）','A.正确|B.错误','A',NULL,NULL,NULL,NULL,'',14,'0000-00-00 00:00:00',NULL,NULL),(521,1,4,13,1,260,'工地上新进场一批钢筋，牌号为HPB235，钢筋直径为14mm，送实验室进行复检，经化学分析结果含碳量为0.27%，机械性能试验结果：伸长率为20.0%，试回答以下问题：','该批钢筋见证取样检验项目应为（）|钢筋的公称截面面积为（）|依据化学分析结果钢筋的含碳量（）|测定伸长率时该钢筋的原始标距可取（）','A.断后伸长率|B.重量偏差|C.屈服强度|D.抗拉强度}A.200mm2|B.153.9mm2|C.196.0mm2|D.615.44mm2}A.符合要求|B.不合格|C.待进一步检验|D.不能判定}A.140mm|B.70mm|C.100mm|D.14mm','ABCD}B}B}B',NULL,NULL,NULL,NULL,'',1,'0000-00-00 00:00:00',NULL,NULL),(522,1,1,13,1,260,NULL,'化学腐蚀是钢与干燥气体及（）的反应而产生的腐蚀。','A.湿润空气|B.电解质液体|C.非电解质液体|D.氧气','C',NULL,NULL,NULL,NULL,'',1,'0000-00-00 00:00:00',NULL,NULL),(523,1,1,13,1,260,NULL,'化学腐蚀通常为（）。','A.化合作用|B.氧化作用|C.置换作用|D.电化学作用','B',NULL,NULL,NULL,NULL,'',2,'0000-00-00 00:00:00',NULL,NULL),(524,1,2,13,1,260,NULL,'钢材的腐蚀是指钢的表面与周围介质发生（）或（）而遭到的破坏。','A.化学作用|B.置换反应|C.化合作用|D.氧化作用|E.电化学作用','AE',NULL,NULL,NULL,NULL,'',1,'0000-00-00 00:00:00',NULL,NULL),(525,1,2,13,1,260,NULL,'钢材的腐蚀会对钢材造成的影响有（）。','A.降低钢材承载力|B.导致结构破坏|C.产生腐蚀疲劳|D.出现脆性断裂|E.提高钢材疲劳强度','ABCD',NULL,NULL,NULL,NULL,'',2,'0000-00-00 00:00:00',NULL,NULL),(526,1,2,13,1,260,NULL,'建筑钢材的防腐主要通过（）和（）两个措施。','A.真空环境|B.涂敷保护层|C.埋置建筑钢材配件|D.设置阳极或阴极保护|E.制成不锈钢','BD',NULL,NULL,NULL,NULL,'',3,'0000-00-00 00:00:00',NULL,NULL),(527,1,2,13,1,260,NULL,'涂敷保护层防止钢材腐蚀的具体措施有（）。','A.电镀涂刷防锈涂料|B.在钢材表面镀锌|C.在钢材表面涂敷搪瓷|D.设置真空环境|E.在钢材表面敷塑料层','ABCE',NULL,NULL,NULL,NULL,'',4,'0000-00-00 00:00:00',NULL,NULL),(528,1,2,13,1,260,NULL,'下面可以采取阳极或阴极保护钢材的情况有（）。','A.地下管道|B.港口结构|C.室内取暖器材|D.建筑物钢材|E.桥梁上部结构钢筋','AB',NULL,NULL,NULL,NULL,'',5,'0000-00-00 00:00:00',NULL,NULL),(529,1,3,13,1,260,NULL,'化学腐蚀在干燥环境中腐蚀进行得快，在温度高和湿度较大时腐蚀速度较慢。（）','A.正确|B.错误','B',NULL,NULL,NULL,NULL,'',1,'0000-00-00 00:00:00',NULL,NULL),(530,1,3,13,1,260,NULL,'钢材与电解质溶液接触而产生电流，形成正负电极从而引起腐蚀。（）','A.正确|B.错误','B',NULL,NULL,NULL,NULL,'',2,'0000-00-00 00:00:00',NULL,NULL),(531,1,3,13,1,260,NULL,'钢材发生电化学腐蚀过程中，形成电解质溶液，其中铁是阳极，碳是阴极。（）','A.正确|B.错误','A',NULL,NULL,NULL,NULL,'',3,'0000-00-00 00:00:00',NULL,NULL),(532,1,3,13,1,260,NULL,'化学腐蚀通常为置换反应。（）','A.正确|B.错误','B',NULL,NULL,NULL,NULL,'',4,'0000-00-00 00:00:00',NULL,NULL),(533,1,3,13,1,260,NULL,'钢材的阴极保护是在被保护的钢结构上连接一块比铁更为活泼的金属。（）','A.正确|B.错误','A',NULL,NULL,NULL,NULL,'',5,'0000-00-00 00:00:00',NULL,NULL),(534,1,1,13,1,261,NULL,'职业道德是所有从业人员在职业活动中应该遵循的（）。','A.行为准则|B.思想准则|C.行为表现|D.思想表现','A',NULL,NULL,NULL,NULL,'',1,'0000-00-00 00:00:00',NULL,NULL),(535,1,1,13,1,261,NULL,'道德建设的核心是（）。','A.社会公德建设|B.职业道德建设|C.家庭美德建设|D.诚信','D',NULL,NULL,NULL,NULL,'',2,'0000-00-00 00:00:00',NULL,NULL),(536,1,1,13,1,261,NULL,'职业道德是指从事一定职业的人们在其特定职业活动中所应遵循的符合职业特点所要求的（）。','A.道德准则|B.道德准则与行为规范|C.道德准则、行为规范与道德情操|D.道德准则、行为规范、道德情操与道德品质','D',NULL,NULL,NULL,NULL,'',3,'0000-00-00 00:00:00',NULL,NULL),(537,1,1,13,1,261,NULL,'加强成本核算，实行成本否决，厉行节约，精打细算，努力降低物资和人工消耗是对（）的职业道德要求。','A.项目经理|B.工程技术人员|C.管理人员|D.工程招标投标管理人员|E.工程质量监督人员','A',NULL,NULL,NULL,NULL,'',4,'0000-00-00 00:00:00',NULL,NULL),(538,1,1,13,1,261,NULL,'强化管理，争创效益，对项目的人和财务进行科学管理是对（）的职业道德要求。','A.项目经理|B.工程技术人员|C.管理人员|D.工程招标投标管理人员|E.工程质量监督人员','A',NULL,NULL,NULL,NULL,'',5,'0000-00-00 00:00:00',NULL,NULL),(539,1,1,13,1,261,NULL,'认真编制施工组织计划，积极推广和运用新技术、新工艺、新材料、新设备，不断提高建筑科学技术水平是对（）的职业道德要求。','A.项目经理|B.工程技术人员|C.管理人员|D.工程招标投标管理人员|E.工程质量监督人员','B',NULL,NULL,NULL,NULL,'',6,'0000-00-00 00:00:00',NULL,NULL),(540,1,1,13,1,261,NULL,'严格自律，不谋私利，严格执行监督、检测人员工作守则，不在建筑企业和监理企业兼职，不利用工作之便介绍工程进行有偿咨询活动是对（）的职业道德要求。','A.项目经理|B.工程技术人员|C.管理人员|D.工程招标投标管理人员|E.工程质量监督人员','E',NULL,NULL,NULL,NULL,'',7,'0000-00-00 00:00:00',NULL,NULL),(541,1,1,13,1,261,NULL,'接受监督，保守秘密，公开办事程序和办事结果，接受社会监督、群众监督及上级主管部门的监督，维护建筑市场各方的合法权益是对（）的职业道德要求。','A.项目经理|B.工程技术人员|C.管理人员|D.工程招标投标管理人员|E.工程质量监督人员','D',NULL,NULL,NULL,NULL,'',8,'0000-00-00 00:00:00',NULL,NULL),(542,1,1,13,1,261,NULL,'关于职业道德，下列说法错误的是（）。','A.职业道德是长期以来自然形成的|B.职业道德大多没有实质的约束力和强制力|C.职业道德的调节职能只体现在调节从业人员内部的关系这一方面|D.职业道德的标准是多元化的','C',NULL,NULL,NULL,NULL,'',9,'0000-00-00 00:00:00',NULL,NULL),(543,1,1,13,1,261,NULL,'建筑企业的生命是（）。','A.企业的信誉|B.工程的质量|C.企业的利润|D.工程的安全','B',NULL,NULL,NULL,NULL,'',10,'0000-00-00 00:00:00',NULL,NULL),(544,1,2,13,1,261,NULL,'要大力倡导（）为主要内容的职业道德，鼓励人们在工作中做一个好建设者。','A.爱岗敬业|B.诚实守信|C.办事公道|D.服务群众|E.以自我为中心','ABCDE',NULL,NULL,NULL,NULL,'',1,'0000-00-00 00:00:00',NULL,NULL),(545,1,2,13,1,261,NULL,'下列关于道德和法纪的说法正确的是（）。','A.任何社会在建立与维持秩序时，都必须借助道德和法纪两种手段|B.法纪属于制度范畴，道德属于社会意识形态范畴|C.遵守道德是遵守法纪的最低要求|D.道德不具有强制性，法纪具有强制性|E.法纪属于社会意识范畴，道德属于制度范畴','ABD',NULL,NULL,NULL,NULL,'',2,'0000-00-00 00:00:00',NULL,NULL),(546,1,2,13,1,261,NULL,'职业道德的基本特征包括（）。','A.职业性|B.继承性|C.排他性|D.随意性|E.纪律性','ABDE',NULL,NULL,NULL,NULL,'',3,'0000-00-00 00:00:00',NULL,NULL),(547,1,2,13,1,261,NULL,'下列各项是对项目经理的职业道德要求的是（）。','A.强化管理，争创效益，对项目的人和财务进行科学管理|B.加强成本核算，实行成本否决，厉行节约，精打细算，努力降低物资和人工消耗|C.深入实际，勇于攻关，不断解决施工生产中的技术难题提高生产效率和经济效益|D.以身作则，培育新人，即当好科学技术带头人，又做好施工科技知识在职工中的普及工作|E.严格自律，不谋私利，严格执行监督、检测人员工作守则，不在建筑企业和监理企业兼职，不利用工作之便介绍工程进行有偿咨询活动','AB',NULL,NULL,NULL,NULL,'',4,'0000-00-00 00:00:00',NULL,NULL),(548,1,2,13,1,261,NULL,'下列各项中是对工程技术人员的职业道德要求的是（）。','A.强化管理，争创效益，对项目的人和财务进行科学管理|B.加强成本核算，实行成本否决，厉行节约，精打细算，努力降低物资和人工消耗|C.深入实际，勇于攻关，不断解决施工生产中的技术难题提高生产效率和经济效益|D.以身作则，培育新人，即当好科学技术带头人，又做好施工科技知识在职工中的普及工作|E.严格自律，不谋私利，严格执行监督、检测人员工作守则，不在建筑企业和监理企业兼职，不利用工作之便介绍工程进行有偿咨询活动','CD',NULL,NULL,NULL,NULL,'',5,'0000-00-00 00:00:00',NULL,NULL),(549,1,2,13,1,261,NULL,'建筑工程领域对工程要求的“四控”包括（）。','A.质量|B.利润|C.工期|D.成本|E.安全','ACDE',NULL,NULL,NULL,NULL,'',6,'0000-00-00 00:00:00',NULL,NULL),(550,1,2,13,1,261,NULL,'党的十八大强调要坚持依法治国和以德治国相结合，加强（）教育，弘扬中华传统美德，弘扬时代新风。','A.社会公德|B.职业道德|C.家庭美德|D.个人品德','ABCD',NULL,NULL,NULL,NULL,'',7,'0000-00-00 00:00:00',NULL,NULL),(551,1,2,13,1,261,NULL,'职业道德的基本职能是调节职能，它所调节的关系包括（）。','A.从业人员内部的关系|B.从业人员和服务对象的关系|C.服务对象之间的关系|D.社会上人与人之间的关系','AB',NULL,NULL,NULL,NULL,'',8,'0000-00-00 00:00:00',NULL,NULL),(552,1,2,13,1,261,NULL,'关于职业道德，下列说法正确的是（）。','A.职业道德是长期以来自然形成的|B.职业道德大多没有实质的约束力和强制力|C.职业道德的调节职能只体现在调节从业人员内部的关系这一方面|D.职业道德的标准是多元化的','ABD',NULL,NULL,NULL,NULL,'',9,'0000-00-00 00:00:00',NULL,NULL),(553,1,2,13,1,261,NULL,'下列各项中是对管理人员的职业道德要求的是（）。','A.强化管理，争创效益，对项目的人和财务进行科学管理|B.加强成本核算，实行成本否决，厉行节约，精打细算，努力降低物资和人工消耗|C.钻研业务，爱岗敬业，努力学习业务知识，精通本职业务，不断提高工作效率和工作能力|D.团结协作，互相配合，树立全局观念和整体意识，遇事多商量、多通气，互相配合，互相支持，不推、不扯皮，不搞本位主义|E.严格自律，不谋私利，严格执行监督、检测人员工作守则，不在建筑企业和监理企业兼职，不利用工作之便介绍工程进行有偿咨询活动','CD',NULL,NULL,NULL,NULL,'',10,'0000-00-00 00:00:00',NULL,NULL),(554,1,3,13,1,261,NULL,'不同的时代，不同的社会，道德观念有所不同；不同的文化，道德标准也有所差异。（）','A.正确|B.错误','A',NULL,NULL,NULL,NULL,'',1,'0000-00-00 00:00:00',NULL,NULL),(555,1,3,13,1,261,NULL,'遵纪守法是遵守道德的最低要求。（）','A.正确|B.错误','A',NULL,NULL,NULL,NULL,'',2,'0000-00-00 00:00:00',NULL,NULL),(556,1,3,13,1,261,NULL,'每一种职业道德都只能规范本行业从业人员的执业行为。（）','A.正确|B.错误','A',NULL,NULL,NULL,NULL,'',3,'0000-00-00 00:00:00',NULL,NULL),(557,1,3,13,1,261,NULL,'建设领域特种作业人员的职业道德集中体现在“遵章守纪、安全第一”上。（）','A.正确|B.错误','A',NULL,NULL,NULL,NULL,'',4,'0000-00-00 00:00:00',NULL,NULL),(558,1,3,13,1,261,NULL,'认真编制施工设计，积极推广和运用新技术、新工艺、新材料、新设备，不断提高建筑科学技术水平是对项目经理的职业道德要求。（）','A.正确|B.错误','B',NULL,NULL,NULL,NULL,'',5,'0000-00-00 00:00:00',NULL,NULL),(559,1,3,13,1,261,NULL,'建筑工程领域对工程要求的四“控”为质量、工期、利润、安全。（）','A.正确|B.错误','B',NULL,NULL,NULL,NULL,'',6,'0000-00-00 00:00:00',NULL,NULL),(560,1,3,13,1,261,NULL,'强化管理，争创效益，对项目的人和财务进行科学管理是对管理人员的职业道德要求。（）','A.正确|B.错误','B',NULL,NULL,NULL,NULL,'',7,'0000-00-00 00:00:00',NULL,NULL),(561,1,3,13,1,261,NULL,'接受监督，保守秘密，公开办事程序和办事结果，接受社会监督、群众监督及上级主管部门的监督，维护建筑市场各方的合法权益，是对工程招标投标管理人员的职业道德要求。（）','A.正确|B.错误','A',NULL,NULL,NULL,NULL,'',8,'0000-00-00 00:00:00',NULL,NULL),(562,1,3,13,1,261,NULL,'家庭美德不仅涵盖了夫妻、长幼之间的关系，同时涵盖了邻里之间的关系。（）','A.正确|B.错误','A',NULL,NULL,NULL,NULL,'',9,'0000-00-00 00:00:00',NULL,NULL),(563,1,3,13,1,261,NULL,'职业道德没有确定形式，通常体现为观念、习惯、信念等。（）','A.正确|B.错误','A',NULL,NULL,NULL,NULL,'',10,'0000-00-00 00:00:00',NULL,NULL),(564,1,1,13,2,262,NULL,'由于物料会对筛网产生磨损，试验筛每使用（）后需重新标定。','A.50次|B.100次|C.200次|D.300次',NULL,NULL,NULL,NULL,NULL,'',1,'0000-00-00 00:00:00',NULL,NULL),(565,1,1,13,2,262,NULL,'GB/T1345试验前所用试验筛应保持清洁，试验时，800μm筛析试验称取试样（）。','A.10g|B.15g|C.20g|D.25g',NULL,NULL,NULL,NULL,NULL,'',2,'0000-00-00 00:00:00',NULL,NULL),(566,1,1,13,2,262,NULL,'GB/T1345水泥细度用负压筛试验时，筛析仪负压应在（）范围。','A.2000~4000Pa|B.4000~6000Pa|C.2000~5000Pa|D.2000~6000Pa',NULL,NULL,NULL,NULL,NULL,'',3,'0000-00-00 00:00:00',NULL,NULL),(567,1,1,13,2,262,NULL,'《水泥细度检验方法筛析法》GB/T1345-2005中细度试验用负压筛试验时，试验筛析时间为（）。','A.2min|B.2.5min|C.5min|D.10min',NULL,NULL,NULL,NULL,NULL,'',4,'0000-00-00 00:00:00',NULL,NULL),(568,1,1,13,2,262,NULL,'《水泥细度检验方法筛析法》GB/T1345-2005中试验筛标定，当二个样品结果的算术平均值为最终值，但当二个样品筛余结果相差大于（）时应称第三个样品进行试验，并取接近的两个结果进行平均作为最终结果。','A.0.2%|B.0.3%|C.0.4%|D.0.5%',NULL,NULL,NULL,NULL,NULL,'',5,'0000-00-00 00:00:00',NULL,NULL),(569,1,1,13,2,262,NULL,'水泥细度标准样品应符合（）要求，或相同等级的标准样品。','A.GB/T1345-2005|B.JC/T728-2005|C.GSB15-1511|D.GSB14-1511',NULL,NULL,NULL,NULL,NULL,'',6,'0000-00-00 00:00:00',NULL,NULL),(570,1,1,13,2,262,NULL,'《水泥细度检验方法筛析法》GB/T1345-2005中，水洗度检验用电子天平最小分度值不大于（）。','A.1g|B.0.5g|C.0.1g|D.0.01g',NULL,NULL,NULL,NULL,NULL,'',7,'0000-00-00 00:00:00',NULL,NULL),(571,1,1,13,2,262,NULL,'在水泥细度筛细试验前所用试验筛应保持清洁，试验时，80μm筛析试验称取试样（）。','A.10g|B.15g|C.20g|D.25g',NULL,NULL,NULL,NULL,NULL,'',8,'0000-00-00 00:00:00',NULL,NULL),(572,1,1,13,2,262,NULL,'水泥细度试验中试验筛的筛网会在试验中磨损，因此筛析结果应（）。','A.进行修正|B.进行处理|C.重新计算|D.为最终结果',NULL,NULL,NULL,NULL,NULL,'',9,'0000-00-00 00:00:00',NULL,NULL),(573,1,1,13,2,262,NULL,'用负压筛析法进行水泥试验时，在筛析期间如有试样附着在筛盖上，可轻轻敲击筛盖使试样落下，筛毕，用天平称量（）。','A.水泥|B.筛余物|C.全部筛余物|D.筛和筛盖',NULL,NULL,NULL,NULL,NULL,'',10,'0000-00-00 00:00:00',NULL,NULL),(574,1,1,13,2,262,NULL,'《水泥细度检验方法筛析法》GB/T1345-2005中，水泥试验筛标定时，将标准样装入干燥洁净的密闭广口瓶中，盖上盖子摇动（）分钟，消除结块。','A.2min|B.3min|C.5min|D.10min',NULL,NULL,NULL,NULL,NULL,'',11,'0000-00-00 00:00:00',NULL,NULL),(575,1,1,13,2,262,NULL,'《水泥细度检验方法筛析法》GB/T1345-2005中细度计算结果计算至（）。','A.0.01%|B.0.05%|C.0.1%|D.1%',NULL,NULL,NULL,NULL,NULL,'',12,'0000-00-00 00:00:00',NULL,NULL),(576,1,1,13,2,262,NULL,'《水泥细度检验方法筛析法》GB/T1345-2005中，要求试验筛必须常保持洁净，筛孔通畅，使用（）次后要进行清洗。金属框筛、铜丝网筛清洗时应用专门的清洁剂，不可用弱酸浸泡。','A.10次|B.15次|C.20次|D.50次',NULL,NULL,NULL,NULL,NULL,'',13,'0000-00-00 00:00:00',NULL,NULL),(577,1,1,13,2,262,NULL,'已知一组水泥细度值即：6.2%、6.3%，其平均值应为（）。','A.6.0%|B.6.2%|C.6.3%|D.6.25%',NULL,NULL,NULL,NULL,NULL,'',14,'0000-00-00 00:00:00',NULL,NULL),(578,1,1,13,2,262,NULL,'水泥试验前应先过（）的试验筛。','A.0.063mm|B.0.08mm|C.0.9mm|D.1.25mm',NULL,NULL,NULL,NULL,NULL,'',15,'0000-00-00 00:00:00',NULL,NULL),(579,1,1,13,2,262,NULL,'水泥细度试验时，环境温度要求为（）。','A.20±2℃、＜45%RH|B.20±5℃、≥50%RH|C.20±2℃、≥50%RH|D.20±5℃、＜45%RH',NULL,NULL,NULL,NULL,NULL,'',16,'0000-00-00 00:00:00',NULL,NULL),(580,1,1,13,2,262,NULL,'GB/T1345-2005中，负压筛析法、水筛法和手工筛析法测定的结果发生争议时，以（）为准。','A.震动筛析法|B.水筛法|C.手工筛析法|D.负压筛析法',NULL,NULL,NULL,NULL,NULL,'',17,'0000-00-00 00:00:00',NULL,NULL),(581,1,1,13,2,262,NULL,'GB/T1345-2005中水筛法，称取试样置于洁净的水筛中，立即用淡水冲洗至大部分细粉通过时，放在水筛架上，用规定水压的喷头连续冲洗（）。','A.2min|B.3min|C.5min|D.10min',NULL,NULL,NULL,NULL,NULL,'',18,'0000-00-00 00:00:00',NULL,NULL),(582,1,1,13,2,262,NULL,'矿渣硅酸盐水泥细度指标控制标准是（）。','A.45μm筛余量≤10%|B.80μm筛余量≤10%|C.80μm筛余量≤12%|D.45μm筛余量≤12%',NULL,NULL,NULL,NULL,NULL,'',19,'0000-00-00 00:00:00',NULL,NULL),(583,1,2,13,2,262,NULL,'《水泥细度检验方法筛析法》GB/T1345-2005标准规定了（）方孔标准筛和（）方孔标准筛的水泥细度筛析试验方法。','A.90μm|B.80μm|C.60μm|D.45μm|E.40μm',NULL,NULL,NULL,NULL,NULL,'',1,'0000-00-00 00:00:00',NULL,NULL),(584,1,2,13,2,262,NULL,'GB/T1345-2005中水泥细度检验方法有哪几种（）。','A.震动筛析法|B.水筛法|C.手工筛析法|D.负压筛析法|E.比重法',NULL,NULL,NULL,NULL,NULL,'',2,'0000-00-00 00:00:00',NULL,NULL),(585,1,2,13,2,262,NULL,'负压筛析法检验步骤（）','A.试样通过0.9mm方孔筛，在100±5℃烘箱中烘干1h冷却|B.称25g样品置于筛中，筛析2分钟，称质量记为Rt|C.计算F=4*Rt|D.结果计算至0.1%|E.结果计算至0.01%',NULL,NULL,NULL,NULL,NULL,'',3,'0000-00-00 00:00:00',NULL,NULL),(586,1,2,13,2,262,NULL,'水泥细度筛余指标要求，其80μm方孔筛余量不大于（），45μm方孔筛余量不大于（）。','A.10%|B.15%|C.20%|D.25%|E.30%',NULL,NULL,NULL,NULL,NULL,'',4,'0000-00-00 00:00:00',NULL,NULL),(587,1,2,13,2,262,NULL,'水泥负压筛析仪由（）及收尘器组成。','A.筛析仪|B.负压筛|C.负压源|D.筛座|E.电机',NULL,NULL,NULL,NULL,NULL,'',5,'0000-00-00 00:00:00',NULL,NULL),(588,1,2,13,2,262,NULL,'水泥试验筛的标定方法中，合格判定时（）。','A.当C值＜0.80时，试验筛可以继续使用，C可作为结果修正系数|B.当0.80≤C≤1.20时，试验筛可以继续使用，C可作为结果修正系数|C.当C值＞0.80时，试验筛可以继续使用，C可作为结果修正系数|D.当C值＜0.80时，试验筛应予淘汰|E.当0.80≤C≤1.20时，试验筛应予淘汰',NULL,NULL,NULL,NULL,NULL,'',6,'0000-00-00 00:00:00',NULL,NULL),(589,1,3,13,2,262,NULL,'GB/T1345-2005中用筛上筛余物的质量来表示水泥样品的细度。（）','A.正确|B.错误',NULL,NULL,NULL,NULL,NULL,'',1,'0000-00-00 00:00:00',NULL,NULL),(590,1,3,13,2,262,NULL,'水泥细度试验由于物料会对筛网产生磨损，试验筛每使用100次后需重新标定。（）','A.正确|B.错误',NULL,NULL,NULL,NULL,NULL,'',2,'0000-00-00 00:00:00',NULL,NULL),(591,1,3,13,2,262,NULL,'GB/T1345-2005中试验筛筛孔的准确度是通过用试验筛上的测定值，与试样的比值来反映。（）','A.正确|B.错误',NULL,NULL,NULL,NULL,NULL,'',3,'0000-00-00 00:00:00',NULL,NULL),(592,1,3,13,2,262,NULL,'GB/T1345-2005中要对试验筛进行标定，当修正系数C值超过0.80~1.20范围时，需要重新标定后才能使用。（）','A.正确|B.错误',NULL,NULL,NULL,NULL,NULL,'',4,'0000-00-00 00:00:00',NULL,NULL),(593,1,3,13,2,262,NULL,'每个试验筛的标定应称取两个标准样品连续进行，中间可以插做其他样品试验，但需要对插入的样品进行标定后方可进行。（）','A.正确|B.错误',NULL,NULL,NULL,NULL,NULL,'',5,'0000-00-00 00:00:00',NULL,NULL),(594,1,3,13,2,262,NULL,'为保持筛孔的准确度，在用试验筛应用已知筛余的标准样品来标定。（）','A.正确|B.错误',NULL,NULL,NULL,NULL,NULL,'',6,'0000-00-00 00:00:00',NULL,NULL),(595,1,3,13,2,262,NULL,'用负压筛析仪，通过负压源产生的恒定气流，在规定筛析时间内使试验筛内的水泥达到筛分。（）','A.正确|B.错误',NULL,NULL,NULL,NULL,NULL,'',7,'0000-00-00 00:00:00',NULL,NULL),(596,1,3,13,2,262,NULL,'被标定试验筛应事先经过清洗，去污，干燥（水筛除外）并和标定试验室温度一致。（）','A.正确|B.错误',NULL,NULL,NULL,NULL,NULL,'',8,'0000-00-00 00:00:00',NULL,NULL),(597,1,3,13,2,262,NULL,'水筛法，称取试样置于洁净的水筛中，立即用淡水冲洗至大部分细粉通过后，放在水筛架上，用水压为0.05±0.01MPa的喷头连续冲洗至规定时间。（）','A.正确|B.错误',NULL,NULL,NULL,NULL,NULL,'',9,'0000-00-00 00:00:00',NULL,NULL),(598,1,4,13,2,262,'一组水泥细度试验，制备两份试样质量各为10.00g，其试验标准筛修正系数C值为1.15，筛余结果量分别为0.62g、0.54g。','请说明该试验所用试验筛筛孔直径（）|计算该水泥细度百分比，结果为（）','A.90μm|B.80μm|C.60μm|D.45μm|E.40μm}A.6.7%|B.6.6%|C.6.65%|D.6.67%',NULL,NULL,NULL,NULL,NULL,'',1,'0000-00-00 00:00:00',NULL,NULL),(599,1,4,13,2,262,'GB/T1345-2005与GB/T1345-1991相比主要变化有（）','','A.标准名称改为《水泥细度检验方法筛析法》|B.增加了筛孔规格为45μm的方孔筛|C.增加了合格试验时用两个试样的平行结果平均值代替一个试样的测定值作为样品的筛析结果|D.增加了试验筛清洗和标定的规定|E.更改了安定性试验用工具',NULL,NULL,NULL,NULL,NULL,'',2,'0000-00-00 00:00:00',NULL,NULL),(600,1,4,13,2,262,'新购置一个水泥标准筛，工地试验室对其进行校正，称取标准样品10.00g，标准样品在试验筛上的筛余为1.14g、1.15g。','试问该筛的筛孔径为多少？判定该筛的筛余为（）','A.80μm 1.14|B.45μm 1.15|C.80μm 1.15|D.45μm 1.14',NULL,NULL,NULL,NULL,NULL,'',3,'0000-00-00 00:00:00',NULL,NULL),(601,1,4,13,2,262,NULL,'三个80μm试验筛，分别对其进行校正，结果如下，请对其进行评定（）。Fs——标准样品的筛余标准值，单位为质量百分数（%）；Ft——标准样品在试验筛上的筛余值，单位为质量百分比（%）；C——试验筛修正系数。','A.合格、合格、不合格|B.合格、重做、作废|C.不合格、合格、作废|D.合格、作废、不合格',NULL,NULL,'试验员P67图表',NULL,NULL,'',4,'0000-00-00 00:00:00',NULL,NULL),(602,1,4,13,2,262,NULL,'简述水泥细度试验水筛法的操作步骤①筛毕，用少量水把筛物冲至蒸发皿中，等水泥颗粒全部沉淀后，小心倒出清水；②筛析试验前，应检查水中无泥、砂，调整好水压及水筛架的位置，使其能正常运转，并控制喷头底面和筛网之间距离为35~75mm；③连续筛析2min，在此期间如有试样附着在筛盖上，可轻轻的敲击筛盖使试样落下；④称取试样精确至0.01g，置于洁净的水晒中；⑤立即用淡水冲洗至大部分细粉通过后，放在水筛架上，用水压为0.05±0.02MPa的喷头连续冲洗3min；⑥烘干并用天平称量全部筛余物；⑦用一只手持筛往复摇动，另一只手轻轻拍打，往复摇动和拍打过程中保持近于水平。拍打速度每分钟约120次，每40次向同一方向转动60°，使试样均匀分布在筛网上，直至每分钟通过的试样量不超过0.03g为止。','A.②④⑥⑦①③⑤|B.④②⑥⑦③①⑤|C.②④⑤①⑥|D.④②⑤①⑥',NULL,NULL,NULL,NULL,NULL,'',5,'0000-00-00 00:00:00',NULL,NULL),(603,1,1,13,2,262,NULL,'下面哪种是测定水泥比表面积的标准方法（）','A.勃氏法|B.水筛法|C.雷氏法|D.李氏瓶法',NULL,NULL,NULL,NULL,NULL,'',1,'0000-00-00 00:00:00',NULL,NULL),(604,1,1,13,2,262,NULL,'水泥比表面积测定时的试验室湿度为（）','A.不大于75%|B.不小于75%|C.不大于50%|D.不小于50%',NULL,NULL,NULL,NULL,NULL,'',2,'0000-00-00 00:00:00',NULL,NULL),(605,1,1,13,2,262,NULL,'水泥比表面积试验仪器多久校正一次（非频繁使用）（）。','A.半年|B.一年|C.一个月|D.3个月',NULL,NULL,NULL,NULL,NULL,'',3,'0000-00-00 00:00:00',NULL,NULL),(606,1,1,13,2,262,NULL,'正常情况下水泥比表面积试验时P·Ⅰ，P·Ⅱ型水泥宜采用多少的孔隙率（）','A.0.500±0.005|B.0.500±0.010|C.0.100±0.005|D.0.100±0.010',NULL,NULL,NULL,NULL,NULL,'',4,'0000-00-00 00:00:00',NULL,NULL),(607,1,1,13,2,262,NULL,'水泥比表面积试验时，当被测试样的密度、试料层中空隙率与标准样品相同，试验时的温度与标准温度之差≤3℃，按哪个公式计算（）。','A.S=(Ss√ηs√T）/(√η√Ts)|B.S=(Ss√T)/(√Ts)|C.S=[Ss√T(1-εs)√ε3]/[√Ts(1-ε)√εs3]|D.S=[Ss√ηs√T(1-εs)√ε3]/[√η√Ts(1-ε)√εs3]',NULL,NULL,NULL,NULL,NULL,'',5,'0000-00-00 00:00:00',NULL,NULL),(608,1,1,13,2,262,NULL,'水泥比表面积试验选取水泥时需先通过（）的方孔筛，然后进行烘干冷却。','A.0.8mm|B.0.9mm|C.1.0mm|D.0.7mm',NULL,NULL,NULL,NULL,NULL,'',6,'0000-00-00 00:00:00',NULL,NULL),(609,1,1,13,2,262,NULL,'水泥比表面积试验时，所选取的滤纸应符合什么标准（）。','A.GB/T1914-2007|B.GB/T2008-1987|C.JGJ55-2011|D.JC/T956-2005',NULL,NULL,NULL,NULL,NULL,'',7,'0000-00-00 00:00:00',NULL,NULL),(610,1,1,13,2,262,NULL,'水泥比表面积试验中孔隙率的调整以（）砝码将试样压实至捣器的支持环与筒顶边接触的位置为准。','A.1500g|B.1750g|C.2000g|D.2500g',NULL,NULL,NULL,NULL,NULL,'',8,'0000-00-00 00:00:00',NULL,NULL),(611,1,1,13,2,262,NULL,'水泥比表面积试验称取水泥试样量应精确到（）。','A.0.001|B.0.01|C.0.1|D.0.05',NULL,NULL,NULL,NULL,NULL,'',9,'0000-00-00 00:00:00',NULL,NULL),(612,1,1,13,2,262,NULL,'水泥比表面积应由二次透气试验结果的平均值确定。如二次试验结果相差（）以上时，应重新试验。','A.3%|B.2%|C.4%|D.1%',NULL,NULL,NULL,NULL,NULL,'',10,'0000-00-00 00:00:00',NULL,NULL),(613,1,1,13,2,262,NULL,'水泥比表面积的计算结果应保留至（）。','A.10cm2/g|B.100cm2/g|C.1cm2/g|D.50cm2/g',NULL,NULL,NULL,NULL,NULL,'',11,'0000-00-00 00:00:00',NULL,NULL),(614,1,1,13,2,262,NULL,'水泥密度试验时第一次读数和第二次读数，恒温水槽的温度差不大于（）。','A.0.2℃|B.0.3℃|C.0.5℃|D.0.8℃',NULL,NULL,NULL,NULL,NULL,'',12,'0000-00-00 00:00:00',NULL,NULL),(615,1,1,13,2,262,NULL,'做水泥比表面积试验时下列哪个仪器是用不到的（）。','A.分析天平|B.透气仪|C.烘干箱|D.托盘天平',NULL,NULL,NULL,NULL,NULL,'',13,'0000-00-00 00:00:00',NULL,NULL),(616,1,1,13,2,262,NULL,'水泥比表面积试验层制备时穿孔板上的滤纸为（）边缘光滑的圆形滤纸片。','A.ф12.7mm|B.ф12.3mm|C.ф11.7mm|D.ф13.7mm',NULL,NULL,NULL,NULL,NULL,'',14,'0000-00-00 00:00:00',NULL,NULL),(617,1,1,13,2,262,NULL,'水泥密度试验时结果计算到第三位小数，且取整到（）','A.0.01g/cm3|B.0.1g/cm3|C.0.05g/cm3|D.0.001g/cm3',NULL,NULL,NULL,NULL,NULL,'',15,'0000-00-00 00:00:00',NULL,NULL),(618,1,1,13,2,262,NULL,'水泥密度试验结果取两次测定结果的算术平均值，两次测定结果之差不得超过（）。','A.0.01g/cm3|B.0.05g/cm3|C.0.03g/cm3|D.0.02g/cm3',NULL,NULL,NULL,NULL,NULL,'',16,'0000-00-00 00:00:00',NULL,NULL),(619,1,1,13,2,262,NULL,'水泥密度试验时装好样品的李氏瓶应在恒温水槽恒温多久（）。','A.90min|B.45min|C.60min|D.30min',NULL,NULL,NULL,NULL,NULL,'',17,'0000-00-00 00:00:00',NULL,NULL),(620,1,2,13,2,262,NULL,'水泥比表面积试验时所用到的仪器（）。','A.透气仪|B.托盘天平|C.分析天平|D.秒表|E.滴管',NULL,NULL,NULL,NULL,NULL,'',1,'0000-00-00 00:00:00',NULL,NULL),(621,1,2,13,2,262,NULL,'下列哪些操作属于水泥比表面积试验时所用的操作步骤（）。','A.水泥密度的测定|B.水泥强度的测定|C.孔隙率的测定|D.试料层的制备|E.透气试验',NULL,NULL,NULL,NULL,NULL,'',2,'0000-00-00 00:00:00',NULL,NULL),(622,1,2,13,2,262,NULL,'水泥比表面积以什么来表示（）。','A.cm2/g|B.m2/kg|C.m2/g|D.cm2/kg|E.mm2/g',NULL,NULL,NULL,NULL,NULL,'',3,'0000-00-00 00:00:00',NULL,NULL),(623,1,2,13,2,262,NULL,'下列哪些属于水泥密度实验仪器（）。','A.李氏瓶|B.分析天平|C.无水煤油|D.恒温水槽|E.秒表',NULL,NULL,NULL,NULL,NULL,'',4,'0000-00-00 00:00:00',NULL,NULL),(624,1,2,13,2,262,NULL,'水泥比表面积测定方法勃氏法主要是根据一定量的空气通过具有一定孔隙率和固定厚度的水泥层时，所受（）不同而引起（）的变化来测定水泥的比表面积。','A.压力|B.阻力|C.引力|D.流速|E.高度',NULL,NULL,NULL,NULL,NULL,'',5,'0000-00-00 00:00:00',NULL,NULL),(625,1,2,13,2,262,NULL,'水泥比表面积计算时，当被测试样的密度和空隙率均与标准样品不同，会用到下列哪些公式（）。','A.S=[Ssρs√T(1-ε3)√ε3]/[ρ√Ts(1-ε)√εs3]|B.S=[Ss√ηs√T(1-εs)√ε3]/[√(√η√Ts(1-ε)√εs3)]|C.S=(Ss√ηs√T）/(√η√Ts)|D.S=[Ssρs√ηs√T(1-εs)√ε3]/[ρ√η√Ts(1-ε)√εs3]|E.S=(Ss√T）/(√Ts)',NULL,NULL,NULL,NULL,NULL,'',6,'0000-00-00 00:00:00',NULL,NULL),(626,1,3,13,2,262,NULL,'水泥比表面积以平方厘米每克（cm2/g）或平方米每千克（m2/kg）来表示。（）','A.正确|B.错误',NULL,NULL,NULL,NULL,NULL,'',1,'0000-00-00 00:00:00',NULL,NULL),(627,1,3,13,2,262,NULL,'水泥比表面积中的水泥样品按GB12573进行取样，先通过0.8mm方孔筛，再在110±5℃下烘干1h，并在干燥器中冷却至室温。（）',NULL,NULL,NULL,NULL,NULL,NULL,'',2,'0000-00-00 00:00:00',NULL,NULL),(628,1,3,13,2,262,NULL,'水泥比表面积试验称取水泥试样量应精确到0.01g。（）',NULL,NULL,NULL,NULL,NULL,NULL,'',3,'0000-00-00 00:00:00',NULL,NULL),(629,1,3,13,2,262,NULL,'水泥比表面积试验层制备时穿孔板上的滤纸为ф12.7mm边缘光滑的圆形滤纸片。每次测定需要用新的滤纸片。（）',NULL,NULL,NULL,NULL,NULL,NULL,'',4,'0000-00-00 00:00:00',NULL,NULL);
INSERT INTO `testlibrary` VALUES (630,1,3,13,2,262,NULL,'水泥比表面积试验时当被测试样的密度、试料层中空隙率与标准样品相同，试验时的温度与标温度之差≤3℃，按公式S=(Ss√ηs√T）/(√η√Ts)计算。（）',NULL,NULL,NULL,NULL,NULL,NULL,'',5,'0000-00-00 00:00:00',NULL,NULL),(631,1,3,13,2,262,NULL,'水泥比表面积应由二次透气试验结果的平均值确定。如二次试验结果相差2%以上时，应重新试验。计算结果保留至10cm2/g。（）',NULL,NULL,NULL,NULL,NULL,NULL,'',6,'0000-00-00 00:00:00',NULL,NULL),(632,1,3,13,2,262,NULL,'当同一水泥用手动勃氏透气仪测定的结果与自动勃氏透气仪测定的结果有争议时，以自动勃氏透气仪测定的结果为准。（）',NULL,NULL,NULL,NULL,NULL,NULL,'',7,'0000-00-00 00:00:00',NULL,NULL),(633,1,3,13,2,262,NULL,'水泥密度ρ结果计算到小数第三位，且取整数到0.01g/cm3，试验结果取两次测定结果的算术平均值，两次测定结果之差不得超过0.03g/cm3。（）',NULL,NULL,NULL,NULL,NULL,NULL,'',8,'0000-00-00 00:00:00',NULL,NULL),(634,1,3,13,2,262,NULL,'水泥密度试验时第一次读数和第二次读数时，恒温水槽的温度差不大于0.5℃。（）',NULL,NULL,NULL,NULL,NULL,NULL,'',9,'0000-00-00 00:00:00',NULL,NULL),(635,1,4,13,2,262,'水泥比表面积试验时当试验的温度与校准温度之差为2℃，标准样品密度、空隙率均与样品相同，测2次经计算得出样品的比表面积为3690cm2/g,3700cm2/g。','计算所采用的公式为（）|最终得出样品的比表面积为多少（）','A.S=(Ss√ηs√T）/(√η√Ts)|B.S=(Ss√T)/(√Ts)|C.S=[Ss√T(1-εs)√ε3]/[√Ts(1-ε)√εs3]|D.S=[Ss√ηs√T(1-εs)√ε3]/[√η√Ts(1-ε)√εs3]}A.3700cm2/g|B.3645cm2/g|C.3640cm2/g|D.3655cm2/g',NULL,NULL,NULL,NULL,NULL,'',1,'0000-00-00 00:00:00',NULL,NULL),(636,1,4,13,2,262,'已知测得3次水泥密度为1.52g/cm3，1.50g/cm3,1.47g/cm3.试回答以下问题：','水泥密度测定时，装好样品的李氏瓶应该置于恒温水槽恒温多久（）|第一次读数和第二次读数，恒温水槽的温差不应大于多少（）|最终水泥密度为多少（）','A.90min|B.45min|C.60min|D.30min}A.0.2℃|B.0.3℃|C.0.5℃|D.0.8℃}A.1.51g/cm3|B.1.50g/cm3|C.1.48g/cm3|D.1.49g/cm3',NULL,NULL,NULL,NULL,NULL,'',2,'0000-00-00 00:00:00',NULL,NULL),(637,1,4,13,2,262,'水泥密度试验测定步骤如下：（1）将无水煤油注入李氏瓶中到0至1mL刻度线后（以弯月面下部为准），盖上瓶塞放入恒温水槽内，使刻度部分浸入水中（水温应控制在李氏瓶刻度时的温度），恒温30min，记下初始（第一次）读数。（2）用小匙将水泥样品一点点的装入（1）条的李氏瓶中，反复摇动（亦可用超声波振动），至没有气泡排出，再次将李氏瓶静置于恒温水槽中，恒温30min，记下第二次读数。（3）水泥试样应预先通过0.9mm方孔筛，在110±5℃温度下干燥1h，并在干燥器内冷却至室温，称取水泥60g。（4）从恒温水槽中取出李氏瓶，用滤纸将李氏瓶细长颈内没有煤油的部分仔细擦干净。试回答以下问题：','称取水泥时，应称准至多少（）|第一次读数和第二次读数，恒温水槽温差不能大于多少（）|水泥密度试验时的正确步骤为（）','A.0.01g|B.0.05g|C.0.1g|D.0.001g}A.0.3℃|B.0.2℃|C.0.5℃|D.0.1℃}A.（1）（2）（3）（4）|B.（1）（2）（4）（3）|C.（1）（4）（2）（3）|D.（3）（1）（4）（2）',NULL,NULL,NULL,NULL,NULL,'',3,'0000-00-00 00:00:00',NULL,NULL),(638,1,4,13,2,262,'水泥比表面积试验时试料层制备步骤如下：（1）将穿孔板放入透气圆通的突缘上，用捣棒把一片滤纸放到穿孔板上，边缘放平并压紧。称取计算确定的试样量，倒入圆筒。轻敲圆筒的边，是水泥层表面平坦。（2）再放入一片边缘光滑的圆形滤纸片，用捣器均匀捣实材料直至捣器的支持环与圆筒顶边接触，并旋转1~2次，慢慢取出捣器。每次测定需要用新的滤纸片。试回答以下问题：','称取的试样量应精确到多少（）|选取的圆形滤纸片的直径为多少（）','A.0.001g|B.0.01g|C.0.005g|D.0.1g}A.ф12.7mm|B.ф12.3mm|C.ф11.7mm|D.ф13.7mm',NULL,NULL,NULL,NULL,NULL,'',4,'0000-00-00 00:00:00',NULL,NULL),(639,1,4,13,2,262,'已知测得5次水泥密度记录数据：1.56g/cm3，1.326g/cm3，1.57g/cm3，1.332g/cm3，1.342g/cm3，试回答以下问题：','水泥密度计算结果应取整到（）|测定数次取平均值，测定结果相差不得超过（）|此次水泥密度最终结果为','A.0.01g/cm3|B.0.1g/cm3|C.0.05g/cm3|D.0.001g/cm3}A.0.01g/cm3|B.0.05g/cm3|C.0.03g/cm3|D.0.02g/cm3}A.1.56g/cm3|B.1.57g/cm3|C.1.329g/cm3|D.1.337g/cm3',NULL,NULL,NULL,NULL,NULL,'',5,'0000-00-00 00:00:00',NULL,NULL),(640,1,4,13,2,262,'关于水泥比表面积测定方法原理根据一定量的空气通过具有一定空隙率和固定厚度的水泥层时，所受阻力不同而引起流速的变化来测定水泥的比表面积。在一定空隙率的水泥层中，空隙的大小和数量是颗粒尺寸的函数，同时也决定了通过料层的气流速度。','水泥比表面积试验时的湿度要求（）|空隙率的调整以（）砝码将试样压实至捣器的支持环与筒顶边接触的位置为准|水泥比表面积计算结果应保留至（）','A.不大于75%|B.不小于75%|C.不大于50%|D.不小于50%}A.1500g|B.1750g|C.2000g|D.2500g}A.1cm2/g|B.0.1cm2/g|C.10cm2/g|D.5cm2/g',NULL,NULL,NULL,NULL,NULL,'',6,'0000-00-00 00:00:00',NULL,NULL),(641,1,1,13,2,262,NULL,'《水泥标准稠度用水量、凝结时间、安定性检测方法》GB/T1346-2011中水泥标准稠度用水量试验称量水的量具精度为（）。','A.±0.1ml|B.±0.2ml|C.±0.5ml|D.±1.0ml',NULL,NULL,NULL,NULL,NULL,'',1,'0000-00-00 00:00:00',NULL,NULL),(642,1,1,13,2,262,NULL,'GB/T1346-2011中水泥标准稠度用水量试验用玻璃底板或金属底板，其每个试模应配备一个边长或直径约（）、厚度（）的平板玻璃底板或金属底板。','A.80mm、3~5mm|B.80mm、4~5mm|C.100mm、3~5mm|D.100mm、4~5mm',NULL,NULL,NULL,NULL,NULL,'',2,'0000-00-00 00:00:00',NULL,NULL),(643,1,1,13,2,262,NULL,'GB/T1346-2011中水泥标准稠度用水量试验中水泥净浆装模捣实时，用规定的直边刀轻轻拍打超出试模部分的浆体（）以排除浆体中的空隙。','A.3次|B.5次|C.10次|D.15次',NULL,NULL,NULL,NULL,NULL,'',3,'0000-00-00 00:00:00',NULL,NULL),(644,1,1,13,2,262,NULL,'GB/T1346-2011中水泥标准稠度用水量试验，水泥净浆装模捣实，应立即取适量水泥浆一次性将其装入已置于玻璃底板上的试模中，浆体超过试模上端，用宽约（）的直边刀。','A.10mm|B.15mm|C.20mm|D.25mm',NULL,NULL,NULL,NULL,NULL,'',4,'0000-00-00 00:00:00',NULL,NULL),(645,1,1,13,2,262,NULL,'GB/T1346-2011中水泥标准稠度用水量试验，水泥净浆装模捣实后，然后在试模表面上表面约（）处，略倾斜于试模分别向外轻轻去掉多余净浆。','A.1/3|B.1/2|C.2/3|D.1/5',NULL,NULL,NULL,NULL,NULL,'',5,'0000-00-00 00:00:00',NULL,NULL),(646,1,1,13,2,262,NULL,'GB/T1346-2011安定性检验中雷氏夹装模后用规定的直边刀在浆体表面轻轻拍打（）次，然后抹平。','A.3次|B.5次|C.3-5次|D.随意',NULL,NULL,NULL,NULL,NULL,'',6,'0000-00-00 00:00:00',NULL,NULL),(647,1,1,13,2,262,NULL,'GB/T1346-2011水泥稠度标准用水量试验，用代用法测标稠水泥浆装模捣实的变化拌合结束后，立即将拌制好的水泥净浆装入锥模中，用宽约（）的直边刀在浆体表面轻轻拍打（）次。','A.15mm、3次|B.20mm、5次|C.25mm、3次|D.25mm、5次',NULL,NULL,NULL,NULL,NULL,'',7,'0000-00-00 00:00:00',NULL,NULL),(648,1,1,13,2,262,NULL,'雷氏法是通过测定水泥标准稠度净浆在雷氏夹中沸煮后，试针的（）位移表征其体积膨胀的程度。','A.绝对|B.相对|C.自由|D.膨胀',NULL,NULL,NULL,NULL,NULL,'',8,'0000-00-00 00:00:00',NULL,NULL),(649,1,1,13,2,262,NULL,'水泥标准稠度用水量代用法试验，让试锥垂直自由地沉入水泥净浆中到试锥停止下沉或释放试锥（）s是记录下试锥下沉深度。','A.30|B.35|C.40|D.稳定后',NULL,NULL,NULL,NULL,NULL,'',9,'0000-00-00 00:00:00',NULL,NULL),(650,1,1,13,2,262,NULL,'水泥稠度标准用水量试验用调整水量方法测定时，以试锥下沉深度（）时的净浆为标准稠度净浆，','A.30±5mm|B.30±2mm|C.30±1mm|D.30±0.5mm',NULL,NULL,NULL,NULL,NULL,'',10,'0000-00-00 00:00:00',NULL,NULL),(651,1,1,13,2,262,NULL,'安定性测定代用法要求每个样品需准备两块边长约（）的玻璃板，凡与水泥净浆接触的玻璃板都要稍稍涂上一层油。','A.60mm|B.75mm|C.80mm|D.100mm',NULL,NULL,NULL,NULL,NULL,'',11,'0000-00-00 00:00:00',NULL,NULL),(652,1,1,13,2,262,NULL,'安定性测定雷氏夹成型后然后抹平，盖上稍涂油的玻璃版，接着立即将试件移至湿气养护箱内养护（）。','A.24±0.5h|B.24±1h|C.24±2h|D.24±5h',NULL,NULL,NULL,NULL,NULL,'',12,'0000-00-00 00:00:00',NULL,NULL),(653,1,1,13,2,262,NULL,'安定性测定，调整好沸煮箱内的水位，使能保证在整个沸煮过程中都超过试件，不需中途添补试验箱水，同时又能保证在（）内升至沸腾。','A.30±1min|B.30±2min|C.30±3min|D.30±5min',NULL,NULL,NULL,NULL,NULL,'',13,'0000-00-00 00:00:00',NULL,NULL),(654,1,1,13,2,262,NULL,'安定性试验沸煮箱内的水加热至沸并恒沸（）。','A.180±10min|B.180±5min|C.180±3min|D.180±1min',NULL,NULL,NULL,NULL,NULL,'',14,'0000-00-00 00:00:00',NULL,NULL),(655,1,1,13,2,262,NULL,'安定性测定雷氏夹法沸煮结束后，立即放掉沸煮箱内的热水，打开箱盖，待箱体冷却至室温，取出试件进行判别。测量雷氏夹指针尖端的距离，准确至（）。','A.0.1mm|B.0.2mm|C.0.5mm|D.1.0mm',NULL,NULL,NULL,NULL,NULL,'',15,'0000-00-00 00:00:00',NULL,NULL),(656,1,1,13,2,262,NULL,'安定性测定雷氏夹法，当两个试件煮后增加距离（C-A）的平均值不大于（）时，即认为该水泥安定性合格。','A.1.0mm|B.2.0mm|C.3.0mm|D.5.0mm',NULL,NULL,NULL,NULL,NULL,'',16,'0000-00-00 00:00:00',NULL,NULL),(657,1,1,13,2,262,NULL,'安定性测定试饼法，将制好的标准稠度净浆取出一部：分成两等分，使之成球形，放在预先准备好的玻璃板上，轻轻振动玻璃板并用湿布擦过的小刀由边缘向中央抹，做成直径（）mm、中心厚约（）mm、边缘渐薄、表面光滑的试饼。','A.60~80/8|B.60~80/10|C.70~80/8|D.70~80/10',NULL,NULL,NULL,NULL,NULL,'',17,'0000-00-00 00:00:00',NULL,NULL),(658,1,1,13,2,262,NULL,'安定性测定雷氏夹校准，当一根指针的根部先悬挂在一根金属丝或尼龙丝上，另一根指针的根部再挂上（）质量的砝码。','A.200g|B.200±1g|C.300g|D.300±1g',NULL,NULL,NULL,NULL,NULL,'',18,'0000-00-00 00:00:00',NULL,NULL),(659,1,1,13,2,262,NULL,'安定性测定雷氏夹校准时两根指针针尖的距离增加应在（）范围内，即为合格。','A.17.0±2.0mm|B.17.0±2.5mm|C.17.5±2.0mm|D.17.5±2.5mm',NULL,NULL,NULL,NULL,NULL,'',19,'0000-00-00 00:00:00',NULL,NULL),(660,1,1,13,2,262,NULL,'安定性测定雷氏夹测定用标尺最小刻度为（）。','A.0.5mm|B.1.0mm|C.0.2mm|D.0.1mm',NULL,NULL,NULL,NULL,NULL,'',20,'0000-00-00 00:00:00',NULL,NULL),(661,1,1,13,2,262,NULL,'水泥标准稠度用水量试验，维卡仪试杆滑动部分的总质量为（）。','A.275±1g|B.290±2g|C.300±1g|D.305±2g',NULL,NULL,NULL,NULL,NULL,'',21,'0000-00-00 00:00:00',NULL,NULL),(662,1,1,13,2,262,NULL,'水泥湿气养护箱的温度为（），相对湿度不低于（）。','A.20±1℃、90%|B.20±2℃、95%|C.20±1℃、95%|D.20±2℃、90%',NULL,NULL,NULL,NULL,NULL,'',22,'0000-00-00 00:00:00',NULL,NULL),(663,1,1,13,2,262,NULL,'水泥标准稠度用水量试验，整个操作应在搅拌后（）内完成。','A.5.0min|B.3.0min|C.2.0min|D.1.5min',NULL,NULL,NULL,NULL,NULL,'',23,'0000-00-00 00:00:00',NULL,NULL),(664,1,1,13,2,262,NULL,'水泥标准稠度用水量试验以试杆沉入净浆并距底板（）的水泥净浆为标准稠度净浆。','A.4±1mm|B.5±1mm|C.6±1mm|D.7±1mm',NULL,NULL,NULL,NULL,NULL,'',24,'0000-00-00 00:00:00',NULL,NULL),(665,1,1,13,2,262,NULL,'水泥凝结时间测定，当试针沉至距底板（）时，为水泥达到初凝状态。','A.4±1mm|B.5±1mm|C.6±1mm|D.7±1mm',NULL,NULL,NULL,NULL,NULL,'',25,'0000-00-00 00:00:00',NULL,NULL),(666,1,1,13,2,262,NULL,'水泥凝结时间测定，当试针沉入试体（）时，即环形附件开始不能在试体上留下痕迹时，为水泥达到终凝状态。','A.0.3mm|B.0.5mm|C.1.0mm|D.基本无痕迹',NULL,NULL,NULL,NULL,NULL,'',26,'0000-00-00 00:00:00',NULL,NULL),(667,1,1,13,2,262,NULL,'水泥凝结时间测定时应注意，在最初测定的操作时应轻轻扶持金属柱，使其徐徐下降，以防试针撞弯，但结果以自由下落为准；在整个测试过程中试针沉入的位置至少要距试模内壁（）。','A.5mm|B.10mm|C.10~15mm|D.5~10mm',NULL,NULL,NULL,NULL,NULL,'',27,'0000-00-00 00:00:00',NULL,NULL),(668,1,1,13,2,262,NULL,'水泥凝结时间每次测定不能让试针落入原针孔，每次测试完毕须将试针擦净并将试模（），整个测试过程要防止试模受振。','A.置于恒温操作间|B.用湿布覆盖|C.放回湿气养护箱|D.置于保湿空气中',NULL,NULL,NULL,NULL,NULL,'',28,'0000-00-00 00:00:00',NULL,NULL),(669,1,1,13,2,262,NULL,'用不变水量方法测定标准稠度用水量时，根据下式或仪器上对应标尺计算得到标准稠度用水量P，当试锥下沉深度小于（）时，应改用调整。','A.10mm|B.11mm|C.12mm|D.13mm',NULL,NULL,NULL,NULL,NULL,'',29,'0000-00-00 00:00:00',NULL,NULL),(670,1,1,13,2,262,NULL,'水泥标准稠度用水量试验，用水泥净浆搅拌机搅拌，搅拌锅和搅拌叶片先用湿布擦过，将拌合水倒入搅拌锅内，然后在5~10s内小心将称好的（）水泥加入水中，防止水和水泥溅出。','A.500±1g|B.450±1g|C.450g|D.500g',NULL,NULL,NULL,NULL,NULL,'',30,'0000-00-00 00:00:00',NULL,NULL),(671,1,1,13,2,262,NULL,'水泥试验，实验室相对湿度应不低于（），水泥试样、拌合水、仪器和用具的温度应与试验室一致。','A.90%|B.60%|C.50%|D.40%',NULL,NULL,NULL,NULL,NULL,'',31,'0000-00-00 00:00:00',NULL,NULL),(672,1,1,13,2,262,NULL,'水泥标准稠度用水量的测定中，水泥浆抹平后迅速将试模和底板移到维卡仪上，并将其中心定在试杆下，降低试杆直至与水泥净浆表面接触，拧紧螺丝（）后，突然放松，使试杆垂直自由地沉入水泥净浆中。','A.1~2s|B.2~3s|C.0.5~1s|D.接触表面',NULL,NULL,NULL,NULL,NULL,'',32,'0000-00-00 00:00:00',NULL,NULL),(673,1,1,13,2,262,NULL,'水泥凝结时间测定，水泥到达终凝时，需要在试体另外（）测试，结论相同时才能确定到达终凝状态。','A.两个以上测点|B.两个不同点|C.原测点外|D.距试模边缘20mm处',NULL,NULL,NULL,NULL,NULL,'',33,'0000-00-00 00:00:00',NULL,NULL),(674,1,1,13,2,262,NULL,'水泥安定性试验，沸煮法主要是检验水泥中是否含有过量的游离（）。','A.Na2O|B.CaO|C.MgO|D.SO3',NULL,NULL,NULL,NULL,NULL,'',34,'0000-00-00 00:00:00',NULL,NULL),(675,1,2,13,2,262,NULL,'测定水泥标准稠度和凝结时间用维卡仪及配件包括（）。','A.为测定初凝时间时维卡仪和试模|B.为测定终凝时间反转试模|C.为标准稠度试杆|D.净浆搅拌机|E.为初、终凝用试针',NULL,NULL,NULL,NULL,NULL,'',1,'0000-00-00 00:00:00',NULL,NULL),(676,1,2,13,2,262,NULL,'水泥标准稠度试验，试杆滑动部分的配件包括（）。','A.滑动杆|B.固定圈|C.固定螺栓|D.指针连接杆|E.试锥',NULL,NULL,NULL,NULL,NULL,'',2,'0000-00-00 00:00:00',NULL,NULL),(677,1,2,13,2,262,NULL,'雷氏夹校准后，两根指针针尖的距离符合要求的有（）。','A.17.3mm|B.16.1mm|C.16.0mm|D.18.5mm|E.19.5mm',NULL,NULL,NULL,NULL,NULL,'',3,'0000-00-00 00:00:00',NULL,NULL),(678,1,2,13,2,262,NULL,'水泥凝结时间测定，水泥初凝时间要求试针下沉至距底板（）。水泥标准稠度用水量是以试杆沉入净浆并距底板（）。','A.4±1mm|B.6±1mm|C.5±1mm|D.0.5mm|E.5±2mm',NULL,NULL,NULL,NULL,NULL,'',4,'0000-00-00 00:00:00',NULL,NULL),(679,1,2,13,2,262,NULL,'水泥安定性试验用试饼法，要求做成直径（）、中心厚约（）的试饼。','A.60~80mm|B.70~80mm|C.5mm|D.8mm|E.10mm',NULL,NULL,NULL,NULL,NULL,'',5,'0000-00-00 00:00:00',NULL,NULL),(680,1,2,13,2,262,NULL,'水泥标准稠度用水量试验，采用不变水量方法时拌合水量用（），当试锥下沉深度小于（）时，应改用调整法。','A.142.0ml|B.142.5ml|C.13mm|D.13.5mm|E.15mm',NULL,NULL,NULL,NULL,NULL,'',6,'0000-00-00 00:00:00',NULL,NULL),(681,1,2,13,2,262,NULL,'水泥标准稠度用水量试验，用水泥净浆搅拌机搅拌，搅拌锅和搅拌叶片先用湿布擦过，将拌合水倒入搅拌锅内，然后在（）内小心将称好的（）水泥加入水中，防止水和水泥溅出。','A.3~5s|B.5~10s|C.450g|D.500g|E.225g',NULL,NULL,NULL,NULL,NULL,'',7,'0000-00-00 00:00:00',NULL,NULL),(682,1,2,13,2,262,NULL,'水泥安定性试验中下列雷氏夹试件煮后针尖增加距离的平均值合格的有（）。','A.3.0mm|B.4.25mm|C.5.2mm|D.0mm|E.4.5mm',NULL,NULL,NULL,NULL,NULL,'',8,'0000-00-00 00:00:00',NULL,NULL),(683,1,2,13,2,262,NULL,'水泥安定试验方法有（）。','A.沸煮法|B.雷氏夹法|C.试饼法|D.标准稠度法|E.待用法',NULL,NULL,NULL,NULL,NULL,'',9,'0000-00-00 00:00:00',NULL,NULL),(684,1,2,13,2,262,NULL,'水泥凝结时间试验，水泥初凝用试针由钢制成，其有效长度初凝针为（），终凝针为（）。','A.50±1mm|B.45±1mm|C.35±1mm|D.30±1mm|E.40±1mm',NULL,NULL,NULL,NULL,NULL,'',10,'0000-00-00 00:00:00',NULL,NULL),(685,1,2,13,2,262,NULL,'水泥安定性试验，将预先准备好的雷氏夹放在已擦少量油的玻璃板上，并立即将已制好的标准稠度净浆一次装满雷氏夹，装浆时一只手轻轻扶持雷氏夹，另一只手用宽约（）的直边刀在浆体表面轻轻插捣（）次，然后抹平。','A.15mm|B.20mm|C.25mm|D.3|E.5',NULL,NULL,NULL,NULL,NULL,'',11,'0000-00-00 00:00:00',NULL,NULL),(686,1,2,13,2,262,NULL,'水泥的初、终凝时间对实际工程中的影响（）。','A.保证成型后尽快具有强度|B.施工浇筑成型所需的时间|C.生产水泥主控项目|D.保证施工进度|E.满足水泥浆搅拌',NULL,NULL,NULL,NULL,NULL,'',12,'0000-00-00 00:00:00',NULL,NULL),(687,1,3,13,2,262,NULL,'所谓凝结时间是指试针沉入水泥标准稠度净浆至一定深度所需的时间。（）','A.正确|B.错误',NULL,NULL,NULL,NULL,NULL,'',1,'0000-00-00 00:00:00',NULL,NULL),(688,1,3,13,2,262,NULL,'安定性是通过测定水泥净浆在雷氏夹中膨胀的结果。（）',NULL,NULL,NULL,NULL,NULL,NULL,'',2,'0000-00-00 00:00:00',NULL,NULL),(689,1,3,13,2,262,NULL,'试饼法是通过观测水泥硬化后的试饼，目测其色泽以及面积膨胀变化情况表征其体积安定性。（）',NULL,NULL,NULL,NULL,NULL,NULL,'',3,'0000-00-00 00:00:00',NULL,NULL),(690,1,3,13,2,262,NULL,'水泥净浆搅拌机的搅拌翅和搅拌锅之间间隙越小，其净浆搅拌越均匀，制备的净浆所需用水量就越大。（）',NULL,NULL,NULL,NULL,NULL,NULL,'',4,'0000-00-00 00:00:00',NULL,NULL),(691,1,3,13,2,262,NULL,'水泥雷氏夹法安定性试验用沸煮箱应符合《水泥安全性试验用沸煮箱》JC/T955-2005的要求。（）',NULL,NULL,NULL,NULL,NULL,NULL,'',5,'0000-00-00 00:00:00',NULL,NULL);
/*!40000 ALTER TABLE `testlibrary` ENABLE KEYS */;

#
# Structure for table "testtype"
#

DROP TABLE IF EXISTS `testtype`;
CREATE TABLE `testtype` (
  `testTypeId` int(11) NOT NULL AUTO_INCREMENT,
  `name` varchar(50) NOT NULL DEFAULT '',
  `code` char(3) DEFAULT NULL,
  `remark` varchar(100) DEFAULT NULL,
  PRIMARY KEY (`testTypeId`)
) ENGINE=MyISAM AUTO_INCREMENT=5 DEFAULT CHARSET=utf8;

#
# Data for table "testtype"
#

/*!40000 ALTER TABLE `testtype` DISABLE KEYS */;
INSERT INTO `testtype` VALUES (1,'单选','A',NULL),(2,'多选','B',NULL),(3,'判断','C',NULL),(4,'案例与计算','D',NULL);
/*!40000 ALTER TABLE `testtype` ENABLE KEYS */;

#
# Structure for table "usagemode"
#

DROP TABLE IF EXISTS `usagemode`;
CREATE TABLE `usagemode` (
  `usageModeId` int(11) NOT NULL AUTO_INCREMENT,
  `usageModeName` varchar(50) NOT NULL DEFAULT '',
  `type` char(1) NOT NULL DEFAULT '',
  `remark` varchar(100) DEFAULT NULL,
  PRIMARY KEY (`usageModeId`)
) ENGINE=MyISAM AUTO_INCREMENT=4 DEFAULT CHARSET=utf8;

#
# Data for table "usagemode"
#

/*!40000 ALTER TABLE `usagemode` DISABLE KEYS */;
INSERT INTO `usagemode` VALUES (1,'充值','0',''),(2,'在线练习','1',''),(3,'在线课堂','1',NULL);
/*!40000 ALTER TABLE `usagemode` ENABLE KEYS */;

#
# Structure for table "userrecord"
#

DROP TABLE IF EXISTS `userrecord`;
CREATE TABLE `userrecord` (
  `userRecordId` int(11) NOT NULL AUTO_INCREMENT,
  `userId` int(11) NOT NULL DEFAULT '0',
  `recordType` int(11) NOT NULL DEFAULT '0',
  `recordDate` datetime NOT NULL DEFAULT '0000-00-00 00:00:00',
  `remark` varchar(100) DEFAULT NULL,
  PRIMARY KEY (`userRecordId`)
) ENGINE=MyISAM DEFAULT CHARSET=utf8;

#
# Data for table "userrecord"
#

/*!40000 ALTER TABLE `userrecord` DISABLE KEYS */;
/*!40000 ALTER TABLE `userrecord` ENABLE KEYS */;

#
# Structure for table "users"
#

DROP TABLE IF EXISTS `users`;
CREATE TABLE `users` (
  `userId` int(11) NOT NULL AUTO_INCREMENT,
  `username` varchar(50) NOT NULL DEFAULT '',
  `password` varchar(50) DEFAULT NULL,
  `userIcon` varchar(255) DEFAULT NULL,
  `email` varchar(50) DEFAULT NULL,
  `cellphone` char(11) DEFAULT '',
  `weixin` varchar(50) DEFAULT NULL,
  `sex` char(2) DEFAULT NULL,
  `majorJobId` int(11) NOT NULL DEFAULT '0',
  `nickname` varchar(50) DEFAULT NULL,
  `realname` varchar(50) DEFAULT NULL,
  `introduce` varchar(100) DEFAULT NULL,
  `bitcoin` int(11) NOT NULL DEFAULT '0',
  `provinceId` int(11) DEFAULT NULL,
  `cityId` int(11) DEFAULT NULL,
  `company` varchar(50) DEFAULT NULL,
  `address` varchar(50) DEFAULT NULL,
  `registerDate` datetime NOT NULL DEFAULT '0000-00-00 00:00:00',
  `role` int(11) NOT NULL DEFAULT '0',
  `recommendCode` char(15) DEFAULT NULL,
  `recommendUserID` int(11) DEFAULT NULL,
  `remark` varchar(100) DEFAULT NULL,
  PRIMARY KEY (`userId`)
) ENGINE=MyISAM AUTO_INCREMENT=13 DEFAULT CHARSET=utf8;

#
# Data for table "users"
#

/*!40000 ALTER TABLE `users` DISABLE KEYS */;
INSERT INTO `users` VALUES (1,'admin','21232f297a57a5a743894a0e4a801fc3','admin1.jpg','aa@qq.com','11111111111',NULL,NULL,13,'管理员','孙','啊实打实大',1000,1,2,'阿什顿大卫请问','求围观的发挥规范化与','0000-00-00 00:00:00',1,NULL,NULL,NULL),(4,'',NULL,'http://wx.qlogo.cn/mmopen/37XlIvf2cW39hBZ5VVn7d5CZicVicPEjSkTGJ81KyV5GecSgfqlWG8bicwMTh8EYU2MLjhswlKMsKcwSpLagDMTQZjU4No31bO2/0',NULL,'','ow-bOvjkiekS-GEow6XLF5Kx2gKs','女',0,'别后',NULL,NULL,0,NULL,NULL,NULL,NULL,'0000-00-00 00:00:00',1,NULL,NULL,NULL),(5,'',NULL,'http://wx.qlogo.cn/mmopen/37XlIvf2cW39hBZ5VVn7dibcldq5PDoicMM2pGKp4NylkZLhDTI5ickq0zJr6awdcuTaxv9nfn3nfeEzk9vKlk1VHQUkfzHx0ibg/0',NULL,'12345678901','ow-bOvjH7CpKQtxsvjJuRmg6-g-k','男',13,'月。梦千年','哈哈哈',NULL,94000,1,NULL,'三江学院','三江s705','2015-08-06 18:42:29',1,'1438857749W6a1p',NULL,NULL),(6,'',NULL,'http://wx.qlogo.cn/mmopen/PiajxSqBRaEIDvBDQeW3NGxD2u3yJ37H2GeUu5M81IuNUhiaOSCnnf2nfiamXgCz19hiakZXH7wEvOhyoekXGFYhnw/0',NULL,'','ow-bOvqO4nMyXGTDt5zIxXjga5KE','男',0,'程晟',NULL,NULL,0,NULL,NULL,NULL,NULL,'0000-00-00 00:00:00',1,NULL,NULL,NULL),(7,'',NULL,'http://wx.qlogo.cn/mmopen/Q3auHgzwzM7W731DH5AGQ0yEGXgxIZOAtbbjicpHQq43HAfpVmhLJPiacWTpTSdJk6WPNqAwGvQfpugkxm0RuibOA/0',NULL,'','ow-bOvsY7Wjvyy5JN7fk0V2QBHyY',NULL,0,'小霞家的●●',NULL,NULL,0,NULL,NULL,NULL,NULL,'0000-00-00 00:00:00',1,NULL,NULL,NULL),(8,'',NULL,'http://wx.qlogo.cn/mmopen/O7OgsuKpL6ibvVqx4lwXQngj7URu0a2FEFquJDwpIWMHcfAoIQR6VNx8UibBNTWVZRVH0HZrYAG2kCOIpibFjZialLMaMc2hka86/0',NULL,'','ow-bOvkKY-D-IvUvDlUuxVnBdvFg',NULL,0,'Ｚ大楠子✌',NULL,NULL,0,NULL,NULL,NULL,NULL,'0000-00-00 00:00:00',1,NULL,NULL,NULL);
/*!40000 ALTER TABLE `users` ENABLE KEYS */;
